,season,team,conference,off_plays,off_drives,off_total_ppa,successful_plays,off_success_rate,off_line_yds_total,off_second_lvl_yds_total,off_open_field_yds_total,off_havoc_plays,off_havoc_total,off_standard_downs,off_standard_downs_rate,off_standard_down_ppa_total,off_standard_down_success,off_standard_downs_success_rate,off_standard_downs_explosiveness,off_passing_downs,off_passing_downs_rate,off_passing_down_ppa,off_passing_down_successes,off_passing_downs_success_rate,off_passing_downs_explosiveness,off_rushing_plays,off_rushing_plays_rate,off_rushing_plays_total_ppa,successful_rushes,off_rushing_plays_success_rate,off_rushing_plays_explosiveness,off_passing_plays,off_passing_plays_rate,off_passing_plays_total_ppa,successful_passes,off_passing_plays_success_rate,off_passing_plays_explosiveness,def_plays,def_drives,def_total_ppa,def_successful_def_downs,def_success_rate,def_explosiveness,def_line_yds_total,def_second_lvl_yds_total,def_open_field_yds_total,def_havoc_plays,def_havoc_total,def_standard_downs,def_standard_downs_rate,def_standard_down_ppa_total,def_standard_down_successful_plays,def_standard_downs_success_rate,def_standard_downs_explosiveness,def_passing_downs,def_passing_downs_rate,def_passing_downs_total_ppa,def_passing_down_successes,def_passing_downs_success_rate,def_passing_downs_explosiveness,Def_rushing_plays,def_rushing_plays_rate,def_rushing_plays_total_ppa,def_successful_rushes,def_rushing_plays_success_rate,def_rushing_plays_explosiveness,def_passing_plays,def_passing_plays_rate,def_passing_plays_ppa,def_passing_successes,def_passing_plays_success_rate,def_passing_plays_explosiveness
1,2020,Air Force,Mountain West,5468,979,757.2571688,2170,0.3968544257,9303,3295,4249,904.5,0.1654169715,3688,0.6744696416,319.4070895,1668,0.4522776573,11.28496715,1780,0.3255303584,437.8500792,502,0.2820224719,21.15427559,3270,0.598024872,439.2000683,1361,0.4162079511,11.56574036,2196,0.4016093636,322.0585838,807,0.3674863388,17.15231306,5449,990,890.8959389,2263,0.4153055607,13.45646833,8168,3085,4121,895,0.1642503212,3695,0.6781060745,342.4635657,1731,0.4684709066,10.9575911,1754,0.3218939255,549.3475362,532,0.3033067275,21.57701418,2870,0.5267021472,347.5582062,1178,0.4104529617,11.51478982,2576,0.4727472931,225.2755982,1082,0.4200310559,15.73912277
2,2020,Akron,Mid-American,4597,802,1168.104417,2118,0.4607352621,8187,3180,3717,700.5,0.1523819883,3220,0.7004568197,593.0975726,1642,0.5099378882,11.50483064,1377,0.2995431803,575.0068447,476,0.3456790123,22.77501829,2557,0.5562323254,501.3202284,1179,0.4610872116,11.05206106,2039,0.4435501414,669.7308657,938,0.4600294262,17.66336727,4547,809,940.4442564,2018,0.4438091049,13.66624462,7148,2725,3117,787.5,0.173191115,3162,0.6954035628,471.1930908,1560,0.4933586338,11.64530825,1385,0.3045964372,566.3979365,458,0.3306859206,20.21810861,2357,0.5183637563,374.0463199,1039,0.4408145948,11.14783522,2190,0.4816362437,183.8740908,979,0.4470319635,16.47974615
3,2020,Alabama,SEC,7341,1265,1561.429138,3338,0.4547064433,10502,3912,3816,1182,0.1610134859,5121,0.6975888843,737.5056979,2549,0.4977543449,9.859444182,2220,0.3024111157,823.9234399,789,0.3554054054,18.03390844,3451,0.4700994415,529.3923266,1568,0.4543610548,9.271151872,3888,0.5296281161,1035.993035,1768,0.4547325103,14.13799919,7400,1255,1595.952986,3414,0.4613513514,11.72672755,11061,4191,4450,1193,0.1612162162,5225,0.7060810811,760.96907,2652,0.5075598086,9.687192212,2175,0.2939189189,996.6091062,762,0.3503448276,18.78691053,3655,0.4939189189,604.0287875,1719,0.4703146375,9.153898303,3743,0.5058108108,529.284747,1693,0.4523109805,14.34577071
4,2020,Appalachian State,Sun Belt,8130,1444,1603.298871,3530,0.4341943419,12774,4617,5407,1356.5,0.1668511685,5623,0.6916359164,773.9357109,2691,0.4785701583,11.2408647,2507,0.3083640836,829.3631597,839,0.3346629438,20.14387957,4279,0.5263222632,603.4373378,1855,0.4335125029,10.63832655,3848,0.4733087331,1005.655013,1672,0.4345114345,16.25478858,8124,1442,1423.853948,3512,0.4322993599,13.32347083,12170,4567,5318,1360,0.1674052191,5598,0.6890694239,670.7153702,2695,0.4814219364,11.29538994,2526,0.3109305761,864.1021407,817,0.3234362629,19.95120048,4220,0.5194485475,564.8040785,1816,0.4303317536,11.14293441,3901,0.4801821763,440.0683617,1693,0.4339912843,15.7323363
5,2020,Arizona,Pac-12,4574,819,1052.647982,2086,0.4560559685,6930,2860,4053,722,0.1578487101,3198,0.6991692173,553.9612145,1615,0.505003127,11.23285161,1376,0.3008307827,498.6867676,471,0.3422965116,20.27043109,2427,0.5306077831,378.7610115,1097,0.4519983519,11.26711844,2146,0.4691735899,675.5320008,988,0.4603914259,15.7210875,4587,828,660.9724517,1925,0.4196642686,12.90395947,6156,2347,2679,791.5,0.1725528668,3102,0.6762589928,255.0968608,1466,0.4725983237,10.90437324,1485,0.3237410072,452.9988138,459,0.3090909091,19.42641047,2184,0.4761281884,209.6186682,924,0.4230769231,11.18960882,2402,0.5236538042,214.9252641,1000,0.4163197336,14.63050228
6,2020,Arizona State,Pac-12,4752,821,1088.819187,2180,0.4587542088,6998,2849,3555,738.5,0.1554082492,3303,0.6950757576,547.881704,1673,0.506509234,11.024265,1449,0.3049242424,540.9374834,507,0.3498964803,19.31873709,2363,0.4972643098,420.7177069,1091,0.4617012273,11.28822852,2388,0.5025252525,669.7465107,1088,0.4556113903,14.8307778,4589,822,964.4855862,2029,0.442144258,13.49429975,7081,2781,3739,711.5,0.155044672,3171,0.6910002179,454.835457,1560,0.4919583728,11.35189245,1418,0.3089997821,572.1819184,469,0.3307475317,20.73827138,2336,0.5090433646,392.3036679,1066,0.4563356164,11.4340543,2253,0.4909566354,328.3111061,963,0.4274300932,15.87552891
7,2020,Arkansas,SEC,7846,1357,1804.011732,3629,0.462528677,12285,4458,4939,1153.5,0.1470175886,5607,0.7146316594,880.6737531,2832,0.505082932,10.76202172,2239,0.2853683406,923.3379785,797,0.3559624833,21.06447976,3966,0.5054804996,667.2195867,1869,0.4712556732,10.00207073,3880,0.4945195004,1136.792145,1760,0.4536082474,16.24890288,7654,1357,1323.434014,3332,0.4353279331,12.86583718,10359,3877,3781,1335,0.1744186047,5284,0.6903579828,575.2094891,2547,0.4820211961,10.70718268,2370,0.3096420172,893.4730199,785,0.3312236287,19.89288903,3615,0.4723020643,445.4227096,1583,0.4378976487,10.18384142,4034,0.5270446825,541.2725496,1744,0.4323252355,15.46405527
8,2020,Arkansas State,Sun Belt,7806,1381,1520.568069,3405,0.4362029208,12797,4822,5855,1269,0.162567256,5388,0.6902382782,669.2904664,2596,0.4818114328,10.95809545,2418,0.3097617218,851.2776028,809,0.3345740281,20.34029218,4287,0.5491929285,651.6260493,1892,0.4413342664,10.85837754,3516,0.4504227517,874.9318866,1510,0.4294653015,16.10969077,7949,1377,1391.758016,3435,0.4321298277,12.94227023,12492,4616,4897,1307.5,0.1644860989,5458,0.6866272487,613.8187497,2616,0.4792964456,10.83567596,2491,0.3133727513,762.45805,819,0.328783621,19.69061897,4150,0.5220782488,636.7816937,1827,0.4402409639,10.94008717,3795,0.4774185432,333.2633897,1604,0.4226613966,15.36628143
9,2020,Army,FBS Independents,4684,818,883.519578,2055,0.4387275833,7960,2960,3223,780,0.1665243382,3266,0.6972672929,355.9642684,1584,0.4849969382,8.879069561,1418,0.3027327071,527.5553096,471,0.332157969,17.87395931,2645,0.5646883006,406.9574375,1195,0.4517958412,8.886448806,2038,0.4350982067,478.6046219,859,0.4214916585,13.7677517,4551,827,710.8766191,1954,0.4293561855,10.89398482,6580,2584,3152,830,0.1823774995,3101,0.6813887058,312.5095385,1482,0.4779103515,9.14438915,1450,0.3186112942,458.4811495,472,0.3255172414,16.06442876,2314,0.5084596792,252.3954696,1000,0.4321521175,8.640416124,2237,0.4915403208,177.937224,954,0.4264640143,13.08051068
10,2020,Auburn,SEC,7651,1331,1675.502895,3502,0.4577179454,11424,4184,4451,1220.5,0.1595216312,5419,0.7082734283,759.3315767,2683,0.4951097989,10.88039907,2232,0.2917265717,916.1713187,819,0.3669354839,19.96037025,3762,0.4917004313,631.504411,1738,0.4619883041,10.65855996,3888,0.5081688668,1046.338418,1763,0.4534465021,15.46903453,7468,1328,1442.673021,3320,0.4445634708,13.19723334,10769,3932,4363,1238.5,0.1658409213,5207,0.697241564,654.4426703,2560,0.4916458613,10.90689005,2261,0.302758436,911.8267894,760,0.3361344538,21.11906617,3591,0.4808516336,537.8710723,1620,0.4511278195,10.45622064,3874,0.5187466524,458.959035,1697,0.4380485287,15.95034308
11,2020,Ball State,Mid-American,4938,871,1041.647709,2170,0.4394491697,8987,3233,3983,769.5,0.1558323208,3462,0.7010935601,522.930309,1681,0.4855574812,11.48519136,1476,0.2989064399,518.7174,489,0.331300813,21.45818852,2965,0.6004455245,520.7567048,1310,0.4418212479,11.59485383,1971,0.3991494532,524.2860966,858,0.4353120244,16.65690708,4680,875,810.8216206,2001,0.4275641026,13.58648531,7168,2673,3021,787,0.1681623932,3204,0.6846153846,324.1358024,1543,0.4815855181,11.00035016,1476,0.3153846154,542.134671,458,0.310298103,21.75215956,2490,0.5320512821,274.0018874,1055,0.4236947791,10.8778744,2187,0.4673076923,198.4310203,943,0.4311842707,16.62590403
12,2020,Baylor,Big 12,8093,1515,1643.429539,3510,0.4337081428,11590,4659,6483,1398,0.1727418757,5555,0.6863956506,829.3222072,2693,0.4847884788,11.5529317,2538,0.3136043494,814.1073321,817,0.3219070134,20.45575917,4088,0.5051278883,622.4573635,1754,0.4290606654,11.87425891,4000,0.4942542938,1030.228693,1751,0.43775,15.62413617,8135,1507,1282.499526,3343,0.4109403811,13.36522301,11231,4163,5300,1408,0.173079287,5522,0.6787953288,576.9843439,2568,0.4650488953,11.08922844,2613,0.3212046712,894.5986014,775,0.2965939533,20.77329733,4071,0.5004302397,395.351513,1647,0.404568902,11.11665609,4060,0.4990780578,428.5328258,1692,0.4167487685,15.64332527
13,2020,Boise State,Mountain West,6532,1155,1395.098978,2815,0.430955297,10137,3829,5063,1000,0.1530924679,4500,0.6889161053,637.9013763,2160,0.48,12.48117825,2032,0.3110838947,757.1976016,655,0.3223425197,23.78060148,3504,0.5364360073,542.2140585,1515,0.4323630137,12.60828671,3026,0.4632578077,856.6548055,1298,0.4289491077,18.39363778,6330,1148,1004.984274,2616,0.4132701422,14.61763524,9045,3306,3927,1058.5,0.1672195893,4292,0.6780410742,349.0977266,1976,0.4603914259,11.94182863,2038,0.3219589258,716.8917062,640,0.314033366,22.86580008,3220,0.5086887836,291.0991568,1333,0.4139751553,11.9395406,3106,0.4906793049,345.5976577,1279,0.4117836446,17.58764392
14,2020,Boston College,ACC,7253,1335,1329.761088,3079,0.4245139942,10488,4320,5226,1278,0.1762029505,4890,0.6742037777,538.1197884,2330,0.4764826176,11.07272717,2363,0.3257962223,791.6412997,749,0.3169699534,21.19464984,3662,0.5048945264,514.5357713,1585,0.4328235937,11.11906134,3588,0.4946918516,821.1709486,1491,0.4155518395,16.10771943,7493,1330,1620.430823,3301,0.4405445082,13.96360404,11605,4833,5821,1294,0.1726945149,5120,0.6833044175,699.6552784,2508,0.48984375,11.42981528,2373,0.3166955825,972.7312995,793,0.3341761483,21.93329919,3947,0.5267583078,653.7778553,1769,0.4481884976,11.42838994,3543,0.4728413186,506.8544915,1529,0.4315551792,17.1575936
15,2020,Bowling Green,Mid-American,4628,808,942.6785748,2028,0.4382022472,7373,2862,3191,781,0.1687554019,3174,0.6858254105,398.2996955,1537,0.4842470069,11.50453804,1454,0.3141745895,544.3788793,491,0.3376891334,21.605009,2478,0.5354364736,394.6866057,1075,0.4338175948,11.63604939,2148,0.4641313742,551.3870616,951,0.4427374302,16.4821353,4519,802,1044.161183,2099,0.4644832928,13.3708425,7597,2873,3468,658,0.1456074353,3205,0.7092277052,630.3140702,1663,0.5188767551,11.46282395,1314,0.2907722948,597.539971,436,0.3318112633,20.23424804,2472,0.5470236778,448.2274395,1137,0.4599514563,11.15730046,2046,0.4527550343,306.4022718,961,0.4696969697,15.94056544
16,2020,Buffalo,Mid-American,3988,697,917.9042187,1845,0.4626379137,7128,2816,2870,651,0.1632397192,2850,0.7146439318,467.8867276,1458,0.5115789474,10.24079565,1138,0.2853560682,450.0174911,387,0.3400702988,20.0507534,2264,0.5677031093,423.1827263,1056,0.4664310954,10.37644657,1723,0.4320461384,496.5103573,788,0.4573418456,14.98471186,3940,694,879.6928556,1771,0.4494923858,12.72480649,6521,2629,3455,675.5,0.1714467005,2754,0.6989847716,414.7806754,1355,0.4920116195,10.7790264,1186,0.3010152284,445.236376,416,0.3507588533,18.81674026,2134,0.5416243655,436.0627071,956,0.4479850047,10.88522908,1805,0.4581218274,215.2037928,814,0.4509695291,14.91258229
17,2020,BYU,FBS Independents,5218,954,766.9250874,2201,0.4218091223,7802,2975,3758,888,0.1701801456,3582,0.6864699118,409.7209163,1723,0.4810161921,11.16695939,1636,0.3135300882,357.2041712,478,0.2921760391,19.51534338,2674,0.51245688,388.4453304,1165,0.4356768886,11.15151015,2543,0.4873514757,380.2121727,1035,0.4069996068,15.03263488,5309,966,1021.841827,2265,0.4266340177,13.52806426,7679,3110,3942,890.5,0.1677340365,3590,0.6762102091,464.7563244,1725,0.4805013928,11.55183117,1719,0.3237897909,656.8018616,540,0.3141361257,20.15031924,2733,0.5147862121,370.5725627,1161,0.4248079034,11.42388508,2573,0.4846487097,297.4735383,1101,0.4279051691,15.85671028
18,2020,California,Pac-12,4891,870,1072.080408,2195,0.4487834799,7056,2849,3855,781,0.1596810468,3415,0.6982212227,537.5396764,1700,0.4978038067,11.12748963,1476,0.3017787773,534.5407316,495,0.3353658537,19.93868374,2417,0.4941729708,416.9078505,1108,0.4584195283,11.14021658,2471,0.5052136577,660.5731454,1084,0.43868879,15.26397221,4888,874,978.7981647,2128,0.4353518822,13.54916855,7219,2783,3932,771,0.1577332242,3370,0.6894435352,457.2675219,1647,0.4887240356,11.21563556,1518,0.3105564648,600.9825773,481,0.3168642951,21.37170156,2478,0.5069558101,377.8155874,1104,0.4455205811,11.34547726,2410,0.4930441899,281.4704191,1024,0.4248962656,16.01034843
19,2020,Central Michigan,Mid-American,4621,802,1014.112544,2090,0.4522830556,6951,2568,2507,760,0.1644665657,3239,0.7009305345,423.2590852,1598,0.4933621488,11.41709153,1382,0.2990694655,590.8534585,492,0.3560057887,21.96259676,2343,0.5070331097,291.1657187,1046,0.4464361929,10.88356658,2276,0.4925340835,726.3419176,1042,0.4578207381,17.01025598,4444,809,1006.221311,2046,0.4603960396,13.40500066,6882,2716,3419,775.5,0.1745049505,3145,0.7076957696,521.0404096,1610,0.5119236884,11.34567062,1299,0.2923042304,612.7003517,436,0.3356428022,20.47792294,2307,0.5191269127,395.127187,1077,0.466840052,11.07261221,2136,0.4806480648,230.2054714,968,0.4531835206,15.94895262
20,2020,Charlotte,Conference USA,5907,1061,731.1057897,2404,0.4069747757,8864,3138,3670,1053,0.1782630777,3998,0.676824107,209.3770715,1797,0.4494747374,9.932304354,1909,0.323175893,521.7287182,607,0.3179675223,18.15385473,3089,0.5229388861,375.4439909,1296,0.4195532535,9.991488718,2817,0.4768918233,357.345198,1107,0.392971246,14.52714886,5992,1072,1111.814842,2592,0.432576769,11.91849187,9851,3626,4842,982,0.1638851802,4143,0.6914218959,516.9509487,1974,0.4764663287,9.874876889,1849,0.3085781041,576.9080901,618,0.3342347215,18.35752247,3236,0.5400534045,536.8165339,1423,0.4397404203,9.911956347,2755,0.4597797063,238.7100008,1168,0.4239564428,14.34860132
21,2020,Cincinnati,American Athletic,6863,1223,1225.368175,2910,0.4240128224,10769,3990,4697,1155,0.1682937491,4651,0.6776919714,525.9911503,2207,0.4745216083,11.04949276,2212,0.3223080286,699.3770252,703,0.3178119349,21.7082315,3659,0.5331487688,475.5606962,1564,0.427439191,10.80343257,3200,0.4662683957,757.3351296,1342,0.419375,17.10809976,6697,1218,1239.857081,2854,0.4261609676,13.71366845,10234,3943,4617,1203.5,0.1797073316,4518,0.6746304315,491.7542911,2152,0.4763169544,11.16240815,2179,0.3253695685,836.0072667,702,0.3221661313,21.43279407,3555,0.5308347021,418.2219017,1489,0.4188466948,11.05030391,3137,0.4684186949,378.6946439,1360,0.4335352247,16.81532176
22,2020,Clemson,ACC,7023,1276,1207.661523,2937,0.4181973516,9757,4030,4768,1326,0.1888082016,4687,0.6673786131,391.4813258,2194,0.4681032643,9.969129769,2336,0.3326213869,816.1801968,743,0.3180650685,19.85270286,3477,0.4950875694,492.8437643,1517,0.4362956572,10.04978045,3542,0.5043428734,727.4662798,1416,0.3997741389,15.01697309,7293,1280,1458.055865,3207,0.4397367339,12.1841624,10752,4317,5041,1232,0.1689291101,5003,0.6860002742,620.3037093,2449,0.4895062962,9.986132529,2290,0.3139997258,944.3776139,758,0.3310043668,19.21337498,3744,0.513368984,522.0965156,1665,0.4447115385,9.827898799,3545,0.4860825449,469.7236539,1538,0.4338504937,14.81554016
23,2020,Coastal Carolina,Sun Belt,7487,1362,1201.881999,3103,0.4144517163,11307,4146,5285,1283.5,0.1714304795,5064,0.6763723788,518.6078549,2357,0.4654423381,11.16849899,2423,0.3236276212,683.2741444,746,0.3078827899,19.77513975,3902,0.521170028,504.7984668,1616,0.4141465915,11.23020548,3583,0.4785628423,700.6043113,1485,0.4144571588,15.33311236,7684,1349,1546.790469,3365,0.4379229568,13.67204037,12063,4539,5704,1241.5,0.1615694951,5320,0.6923477356,746.5495365,2579,0.4847744361,11.46327449,2364,0.3076522644,918.5903111,786,0.3324873096,20.93875028,4095,0.5329255596,637.331059,1787,0.4363858364,11.38215954,3584,0.4664237376,562.8968439,1573,0.4388950893,16.45626362
24,2020,Colorado,Pac-12,4566,786,1035.078199,2110,0.4621112571,7252,2959,3778,709,0.1552781428,3207,0.7023653088,541.9050914,1637,0.5104458996,10.86143541,1359,0.2976346912,493.1731072,473,0.3480500368,20.11103191,2399,0.5254051686,432.5537807,1146,0.4776990413,10.67877138,2166,0.4743758213,604.1694482,963,0.444598338,15.57957296,4466,785,884.1890507,2029,0.4543215405,12.58963543,6669,2575,3324,690,0.1545006717,3135,0.7019704433,499.8269708,1605,0.5119617225,10.84020817,1331,0.2980295567,528.5540965,424,0.3185574756,19.55919077,2247,0.5031347962,359.6224383,1048,0.466399644,10.61420634,2217,0.4964173757,331.775949,979,0.4415877312,14.8014411
25,2020,Colorado State,Mountain West,5383,961,990.6994695,2292,0.4257848783,8017,3037,3552,844,0.1567898941,3705,0.6882779119,424.3573926,1764,0.4761133603,11.09305654,1678,0.3117220881,566.3420769,528,0.3146603099,20.67859362,2765,0.5136540962,397.5196246,1209,0.4372513562,10.97114769,2616,0.4859743637,597.6039367,1081,0.4132262997,15.97442453,5436,973,984.6925016,2335,0.4295437822,13.20473235,8134,2906,3457,840,0.1545253863,3753,0.690397351,442.2008144,1799,0.4793498535,10.9632627,1683,0.309602649,631.4468944,536,0.3184789067,20.79846253,2759,0.5075423105,361.9505932,1188,0.4305907938,10.86384983,2675,0.4920897719,329.4292474,1145,0.4280373832,15.81542732
26,2020,Duke,ACC,7720,1384,1565.373343,3303,0.4278497409,11517,4807,6055,1389,0.1799222798,5245,0.6794041451,706.4897514,2507,0.4779790276,11.52994614,2475,0.3205958549,858.8835915,796,0.3216161616,21.66637933,4034,0.5225388601,629.4414333,1732,0.4293505206,11.80456334,3681,0.4768134715,949.8500359,1566,0.4254278729,16.50542578,7602,1375,1457.056258,3265,0.4294922389,13.79718353,11101,4590,5819,1333,0.1753485925,5169,0.679952644,648.4103089,2480,0.4797833237,11.36602692,2433,0.320047356,839.4870246,785,0.3226469379,21.43651958,3814,0.5017100763,617.5692331,1695,0.444415312,11.23502594,3788,0.4982899237,396.2166841,1570,0.4144667371,16.49420336
27,2020,East Carolina,American Athletic,7577,1328,1498.856283,3301,0.4356605517,12489,4696,5820,1252,0.1652369011,5183,0.6840438168,678.37375,2511,0.4844684546,11.18957215,2394,0.3159561832,820.4825333,790,0.3299916458,20.79908034,4126,0.544542695,686.008042,1812,0.4391662627,11.16806217,3448,0.4550613699,818.464655,1486,0.430974478,16.58141325,7525,1328,1377.467358,3199,0.4251162791,13.64072833,11632,4237,4590,1265.5,0.1681727575,5103,0.6781395349,538.1696921,2432,0.4765824025,10.87913198,2422,0.3218604651,871.3150783,767,0.3166804294,22.5071455,4000,0.5315614618,514.1504669,1725,0.43125,10.74170934,3521,0.4679069767,409.90317,1470,0.4174950298,17.21755729
28,2020,Eastern Michigan,Mid-American,4318,801,719.3488094,1854,0.429365447,6752,2598,2712,773,0.1790180639,2986,0.6915238536,341.2695598,1438,0.48158071,11.33311099,1332,0.3084761464,378.0792496,416,0.3123123123,21.55831016,2276,0.5270958777,281.9968302,998,0.4384885764,10.97125659,2041,0.4726725336,439.1408441,855,0.4189122979,16.89693673,4448,803,940.8480091,1988,0.446942446,13.73372943,6791,2634,3434,745.5,0.1676034173,3088,0.6942446043,391.7747451,1516,0.4909326425,11.32380018,1360,0.3057553957,624.1286864,472,0.3470588235,20.76797874,2338,0.5256294964,320.1144152,1027,0.4392643285,10.92939696,2108,0.4739208633,322.107009,959,0.4549335863,16.69267467
29,2020,Florida,SEC,7304,1269,1340.951196,3231,0.4423603505,11193,4173,4718,1238.5,0.1695646221,5089,0.6967415115,638.9761574,2526,0.4963647082,10.66077212,2215,0.3032584885,701.975039,705,0.3182844244,20.5060626,3730,0.51067908,615.0320446,1718,0.4605898123,10.42202481,3572,0.4890470975,730.6040595,1511,0.423012318,15.51168125,7265,1271,1519.33444,3356,0.4619408121,12.72623473,10958,4048,4369,1156,0.159119064,5137,0.7070887818,745.4843683,2624,0.5108039712,10.58747921,2128,0.2929112182,965.4989202,732,0.3439849624,20.55490398,3656,0.5032346869,557.942563,1700,0.4649890591,10.27512855,3607,0.4964900206,469.4470189,1654,0.458552814,15.37136444
30,2020,Florida Atlantic,Conference USA,5949,1052,1118.555324,2606,0.4380568163,10357,3570,4218,920,0.15464784,4167,0.7004538578,543.7365805,2028,0.4866810655,9.812853196,1782,0.2995461422,574.8187435,578,0.3243546577,18.60944244,3351,0.5632879476,509.4387103,1482,0.442256043,9.791384128,2597,0.436543957,610.800013,1123,0.4324220254,14.57379369,5981,1053,990.5211573,2522,0.4216686173,11.94666124,9181,3365,3860,977,0.1633506103,4076,0.6814913894,384.3263468,1906,0.4676153091,9.721879649,1905,0.3185086106,561.9743888,616,0.3233595801,18.92812474,3143,0.5254974085,428.5467685,1353,0.4304804327,9.794631654,2838,0.4745025915,299.9210178,1169,0.4119097956,14.45161569
31,2020,Florida International,Conference USA,6315,1134,1045.022631,2694,0.4266033254,9615,3588,4370,1059,0.167695962,4300,0.6809184481,499.8747559,2042,0.4748837209,10.30686685,2015,0.3190815519,545.1478753,652,0.323573201,18.13461234,3213,0.5087885986,502.1979401,1414,0.440087146,10.32152669,3097,0.4904196358,551.9010496,1275,0.411688731,14.44541883,6589,1138,1387.575886,2926,0.4440734558,12.19989047,10970,3893,5011,978,0.1484292002,4602,0.6984367886,649.9533882,2251,0.4891351586,9.763440972,1987,0.3015632114,807.271372,675,0.3397081027,19.96204884,3581,0.5434815602,582.0933788,1602,0.4473610723,9.906208332,3007,0.4563666717,380.7371177,1323,0.4399733954,14.92365543
32,2020,Florida State,ACC,8037,1435,1919.625864,3565,0.4435734727,11259,4560,5730,1372,0.1707104641,5492,0.6833395546,837.0437523,2684,0.4887108521,11.31899867,2545,0.3166604454,1082.582112,881,0.3461689587,21.85990992,3897,0.4848824188,554.6680116,1700,0.4362329997,10.88858918,4138,0.5148687321,1368.993703,1863,0.4502174964,16.82668621,8070,1434,1525.683671,3466,0.4294919455,13.85984566,11665,4971,6099,1460.5,0.1809789343,5458,0.6763320942,625.4491325,2629,0.4816782704,11.34567396,2612,0.3236679058,934.9710147,837,0.3204441041,21.61476382,4094,0.5073110285,601.7267674,1796,0.438690767,11.39770633,3973,0.4923172243,463.9327064,1667,0.4195821797,16.64586826
33,2020,Fresno State,Mountain West,5018,898,983.404318,2129,0.4242726186,7319,2916,3709,833.5,0.1661020327,3430,0.6835392587,426.5648759,1629,0.4749271137,10.33027469,1588,0.3164607413,556.8394421,500,0.314861461,19.67939995,2548,0.5077720207,374.4553665,1103,0.43288854,10.51243759,2468,0.4918294141,612.6756197,1024,0.414910859,14.71228738,5126,919,866.9803585,2155,0.4204057745,12.23584792,7430,2762,3384,820.5,0.1600663285,3485,0.679867343,376.3540305,1651,0.4737446198,10.0238087,1641,0.320132657,478.7073844,504,0.3071297989,19.54462637,2580,0.5033164261,388.2729741,1120,0.4341085271,10.40467174,2546,0.4966835739,251.9829286,1035,0.4065200314,14.35544155
34,2020,Georgia,SEC,7697,1359,1531.213379,3452,0.4484864233,11655,4361,4869,1253,0.1627906977,5376,0.6984539431,765.1452509,2697,0.5016741071,10.58627993,2321,0.3015460569,766.0681284,755,0.3252908229,20.39965789,3916,0.5087696505,581.3778161,1774,0.4530132789,10.23222838,3777,0.4907106665,958.7701857,1674,0.4432088959,15.47392337,7900,1357,1641.771856,3584,0.4536708861,13.00430563,12221,4529,4822,1240,0.1569620253,5535,0.7006329114,756.7840306,2779,0.5020776874,10.80058329,2365,0.2993670886,1051.984368,805,0.3403805497,20.65922459,4020,0.5088607595,589.7874873,1846,0.4592039801,10.25866557,3880,0.4911392405,401.7880568,1738,0.4479381443,15.99304625
35,2020,Georgia Southern,Sun Belt,8248,1446,1890.251513,3706,0.4493210475,12922,4928,5820,1333.5,0.1616755577,5713,0.6926527643,939.1098527,2819,0.4934360231,11.53219668,2535,0.3073472357,951.1416604,887,0.3499013807,20.57721015,4302,0.5215809893,688.4978751,1914,0.4449093445,10.90471943,3942,0.4779340446,1209.887051,1788,0.4535768645,16.82073245,8466,1456,1358.589393,3654,0.4316087881,13.01143393,13041,4583,5060,1364,0.1611150484,5877,0.6941885188,552.3252319,2794,0.4754126255,10.90397094,2589,0.3058114812,846.7334645,860,0.3321745848,19.68923809,4370,0.5161823766,519.2719801,1871,0.4281464531,10.78324627,4092,0.4833451453,367.4394036,1779,0.4347507331,15.34644377
36,2020,Georgia State,Sun Belt,8999,1567,1996.507777,4037,0.4486054006,15610,5866,7303,1361.5,0.1512945883,6326,0.7029669963,1108.875661,3140,0.4963642112,12.37933556,2673,0.2970330037,887.6321158,897,0.3355780022,22.09258575,5045,0.5606178464,930.5927701,2285,0.4529236868,11.99475848,3951,0.4390487832,1071.708487,1749,0.4426727411,17.70951903,9037,1569,1621.938985,3917,0.433440301,14.46618367,14160,5214,5870,1447.5,0.1601748368,6240,0.6904946332,664.1670286,3000,0.4807692308,11.93431275,2797,0.3095053668,930.7871893,917,0.3278512692,22.69133995,4776,0.5284939692,702.2025428,2096,0.4388609715,12.17206258,4255,0.4708420936,513.3144745,1815,0.4265569918,17.30604236
37,2020,Georgia Tech,ACC,8189,1442,1900.490527,3679,0.4492612041,12099,4883,6213,1383.5,0.1689461473,5686,0.694346074,949.1608045,2829,0.4975378122,11.49966127,2503,0.305653926,951.329722,850,0.339592489,21.1972196,4091,0.4995725974,715.7775273,1883,0.4602786605,10.93185181,4095,0.5000610575,1194.93717,1793,0.4378510379,16.83661846,7764,1446,1430.075324,3254,0.4191138588,14.16009503,10493,4283,5559,1468.5,0.1891421947,5182,0.6674394642,562.8560717,2434,0.4697028174,11.6318099,2582,0.3325605358,934.2581359,820,0.3175832688,21.59825632,3751,0.483127254,508.3760199,1591,0.4241535591,11.249907,4009,0.5163575477,543.3061062,1659,0.4138189075,17.0867955
38,2020,Hawai'i,Mountain West,4598,824,816.3358351,1917,0.4169204002,6518,2641,3535,760.5,0.1653979991,3131,0.6809482384,350.1534793,1476,0.4714148834,10.41995933,1467,0.3190517616,466.1823559,441,0.3006134969,19.22729818,2309,0.5021748586,330.464068,980,0.4244261585,10.70517003,2287,0.4973901696,489.5984353,935,0.4088325317,14.42573477,4647,822,829.2688606,1979,0.4258661502,12.20022469,6709,2587,3315,741,0.1594577147,3179,0.6840972671,339.963572,1506,0.4737338786,10.04367796,1468,0.3159027329,451.7185875,473,0.3222070845,18.98825458,2346,0.5048418334,379.631911,1025,0.436913896,10.51282415,2300,0.494942974,130.2205533,953,0.4143478261,14.13178886
39,2020,Houston,American Athletic,6368,1156,1009.709034,2672,0.4195979899,9637,3566,4149,1143,0.179491206,4317,0.6779208543,432.9950432,2029,0.4700023164,9.907215649,2051,0.3220791457,576.7139907,643,0.313505607,18.64235336,3332,0.523241206,383.9260596,1393,0.4180672269,9.688660713,3030,0.4758165829,637.3990453,1273,0.4201320132,14.88809546,6404,1148,1259.063249,2745,0.428638351,12.22964629,10090,3736,4367,1058,0.1652092442,4388,0.685196752,553.8272969,2096,0.4776663628,9.950457796,2016,0.314803248,821.3880004,649,0.3219246032,19.66588143,3464,0.54091193,441.3718169,1466,0.4232101617,10.07358043,2938,0.4587757651,487.7254203,1277,0.4346494214,14.90070752
40,2020,Illinois,Big Ten,6742,1178,1129.986289,2882,0.4274695936,10258,3824,4532,1087.5,0.1613022842,4697,0.6966775438,537.4286029,2234,0.4756227379,12.01459368,2045,0.3033224562,592.5576858,648,0.3168704156,22.62180205,3502,0.5194304361,455.3829248,1497,0.4274700171,11.90068414,3237,0.4801245921,680.0685598,1382,0.4269385233,16.99178271,6487,1174,1042.447829,2735,0.4216124557,14.27874643,9310,3534,4510,1107,0.1706489903,4429,0.6827501156,439.0302581,2079,0.4694061865,11.86551542,2058,0.3172498844,682.6704353,656,0.3187560739,22.09888013,3345,0.515646678,369.6884193,1426,0.4263079223,11.54302255,3139,0.4838908586,352.7100203,1306,0.4160560688,17.2403815
41,2020,Indiana,Big Ten,5921,1077,1064.878991,2544,0.4296571525,8550,3281,4299,979,0.1653436919,4058,0.6853572032,498.2761405,1941,0.4783144406,11.34448105,1863,0.3146427968,566.6028502,603,0.3236714976,20.35945313,2951,0.4983955413,388.1319373,1257,0.4259573026,11.03018896,2966,0.5009288971,690.0498586,1283,0.4325691167,15.7923131,6122,1082,949.8292924,2556,0.4175106174,12.99477098,8695,3141,3714,1007,0.1644887292,4174,0.6818033322,387.0844235,1934,0.4633445137,10.77510495,1948,0.3181966678,634.4637639,622,0.319301848,19.96763392,3151,0.5147010781,326.6069408,1322,0.4195493494,10.57814871,2968,0.484808886,319.5381283,1231,0.4147574124,15.70538836
42,2020,Iowa,Big Ten,6102,1070,1137.433324,2670,0.4375614553,9334,3549,4119,950,0.1556866601,4260,0.6981317601,528.4824035,2063,0.4842723005,11.91266577,1842,0.3018682399,608.9509205,607,0.3295331162,22.87282996,3236,0.5303179285,407.8083468,1423,0.4397404203,11.43804805,2865,0.4695181908,731.6863701,1246,0.434904014,17.80191765,5860,1059,959.4008264,2467,0.4209897611,14.73633756,8600,3301,4004,994.5,0.1697098976,3976,0.6784982935,439.0126981,1888,0.4748490946,12.26946467,1884,0.3215017065,608.2645121,579,0.3073248408,22.52943544,3007,0.5131399317,354.8690947,1268,0.4216827403,11.97728836,2851,0.4865187713,392.1664798,1197,0.4198526833,17.56463803
43,2020,Iowa State,Big 12,7290,1374,1172.650636,2996,0.4109739369,9962,3990,5380,1329.5,0.1823731139,4891,0.6709190672,472.3662105,2267,0.4635043958,11.13233755,2399,0.3290809328,700.2844251,729,0.3038766153,20.89401628,3641,0.4994513032,457.9529205,1506,0.4136226311,11.77215029,3644,0.4998628258,723.9542327,1485,0.4075192097,15.45933604,7261,1375,1125.914895,2974,0.4095854565,13.21265794,10098,3870,5352,1297.5,0.1786943947,4929,0.6788321168,542.0236247,2286,0.4637857578,11.16112629,2332,0.3211678832,688.5493244,688,0.295025729,20.08609257,3673,0.5058531883,453.245436,1506,0.410019058,11.44648796,3582,0.4933204793,321.3637582,1462,0.4081518705,15.29313219
44,2020,Kansas,Big 12,8060,1491,1621.237934,3495,0.4336228288,11683,4605,6475,1393,0.1728287841,5567,0.6906947891,742.689054,2667,0.4790731094,11.3966216,2493,0.3093052109,878.5488801,828,0.3321299639,21.03676288,4158,0.5158808933,599.4769145,1794,0.4314574315,11.55083166,3898,0.4836228288,1029.211608,1697,0.4353514623,16.15346218,7894,1494,1180.499992,3202,0.405624525,13.54190325,10818,4198,5474,1452,0.1839371675,5306,0.6721560679,476.6129722,2430,0.457972107,11.30519474,2588,0.3278439321,728.4463557,772,0.2982998454,20.50786084,3925,0.4972130732,463.2199361,1598,0.407133758,11.5871368,3963,0.5020268558,324.1295761,1598,0.4032298764,15.69414648
45,2020,Kansas State,Big 12,7572,1393,1433.415205,3232,0.4268357105,10190,4030,5479,1310,0.1730058109,5171,0.6829107237,624.1672703,2463,0.4763101915,11.14536385,2401,0.3170892763,809.2479348,769,0.3202832153,20.94675851,3684,0.4865293185,490.3448743,1555,0.4220955483,11.5861508,3882,0.5126782884,954.4084864,1671,0.4304482226,15.41255503,7334,1379,1102.190889,2991,0.4078265612,13.38436786,10093,3873,4989,1294,0.1764385056,4965,0.6769839106,487.9643213,2297,0.4626384693,11.19695086,2369,0.3230160894,723.2552836,694,0.2929506121,20.54715896,3690,0.5031360785,388.1921234,1507,0.408401084,11.16240243,3639,0.4961821653,385.4984107,1479,0.406430338,15.84166501
46,2020,Kent State,Mid-American,4214,785,872.091367,1871,0.4439962031,7105,2791,3788,651,0.1544850498,2928,0.6948267679,486.4111728,1472,0.5027322404,11.73159659,1286,0.3051732321,385.6801943,399,0.3102643857,21.596055,2302,0.5462743237,448.1477437,1054,0.4578627281,12.00305653,1910,0.4532510679,427.7938811,815,0.4267015707,16.30854252,4361,778,836.153324,1862,0.4269662921,13.69378195,7037,2589,2829,720.5,0.1652144004,3003,0.6886035313,321.361467,1403,0.4671994672,11.27057442,1358,0.3113964687,491.7471969,459,0.3379970545,20.79525853,2314,0.5306122449,356.7670216,999,0.4317199654,10.905918,2043,0.4684705343,143.0678938,859,0.4204601077,17.00095637
47,2020,Kentucky,SEC,6995,1219,1195.112069,3044,0.4351679771,9047,3327,3548,1231,0.1759828449,4826,0.6899213724,449.1783772,2319,0.4805221716,9.595232062,2169,0.3100786276,745.9336914,725,0.3342554172,18.32533397,3124,0.4466047177,382.7573201,1368,0.437900128,9.247879552,3869,0.5531093638,816.4643125,1674,0.4326699406,13.88935446,6894,1204,1647.838511,3204,0.4647519582,11.9156855,10835,4116,4398,1080,0.1566579634,4849,0.7033652451,860.9297564,2499,0.5153639926,9.923105155,2045,0.2966347549,1037.043665,705,0.3447432763,18.96484395,3535,0.5127647229,617.1920829,1685,0.4766619519,9.288700865,3356,0.486800116,580.7732808,1516,0.4517282479,15.03378736
48,2020,Liberty,FBS Independents,6516,1172,1104.334914,2771,0.4252608963,10376,3664,4326,1028.5,0.1578422345,4472,0.68631062,407.5949755,2100,0.469588551,9.482559248,2044,0.31368938,696.7399382,671,0.3282778865,18.62775389,3517,0.5397483118,455.8429503,1516,0.4310491897,9.712946435,2996,0.459791283,654.2539928,1252,0.4178905207,14.45439889,6769,1167,1475.549577,3023,0.4465947703,12.33662962,11495,4277,5664,1039,0.1534938691,4727,0.6983306249,780.7283363,2355,0.4982018193,10.39873599,2042,0.3016693751,729.6243755,668,0.3271302644,19.0023193,3712,0.5483823312,753.512036,1690,0.4552801724,10.65317534,3053,0.4510267395,173.5241756,1329,0.4353095316,14.66944476
49,2020,Louisiana,Sun Belt,7838,1404,1550.638354,3393,0.4328910436,12244,4669,6060,1303,0.1662413881,5384,0.686909926,722.0948023,2590,0.4810549777,11.49098606,2454,0.313090074,828.5435521,803,0.3272208639,20.70883789,4094,0.5223271243,650.2665348,1795,0.4384465071,11.21270621,3742,0.4774177086,904.1291507,1596,0.4265098878,16.30851196,7947,1410,1448.248557,3443,0.4332452498,13.30166668,11837,4396,5275,1304.5,0.1641499937,5459,0.686925884,643.28823,2619,0.4797581975,11.17291212,2488,0.313074116,959.115373,824,0.3311897106,20.02754843,4122,0.5186862967,506.7009605,1766,0.4284327996,10.87489531,3818,0.4804328677,369.1321326,1670,0.437401781,16.12284807
50,2020,Louisiana Monroe,Sun Belt,8498,1477,1829.708937,3803,0.4475170628,13432,5085,6116,1345.5,0.1583313721,5920,0.6966345022,856.8638845,2910,0.4915540541,11.16306181,2578,0.3033654978,972.845053,893,0.3463925524,20.64990098,4461,0.5249470464,726.6772871,2022,0.4532616005,10.66060672,4032,0.4744645799,1113.210066,1776,0.4404761905,16.32539287,8447,1491,1518.875901,3726,0.4411033503,13.11987823,13004,4782,5326,1379.5,0.1633124186,5889,0.6971705931,670.4467956,2868,0.4870096791,11.01039579,2558,0.3028294069,916.9121918,858,0.3354182955,20.09148559,4338,0.5135551083,609.379761,1922,0.4430613186,10.83248236,4105,0.4859713508,525.8436729,1800,0.4384896468,15.57921092
51,2020,Louisiana Tech,Conference USA,6422,1144,1195.694118,2744,0.4272812208,9402,3397,4153,1040.5,0.1620211772,4404,0.6857676736,476.8532991,2067,0.469346049,10.06715364,2018,0.3142323264,718.8408188,677,0.3354806739,20.26800504,3191,0.4968857054,396.1425835,1370,0.4293324976,9.695732159,3229,0.5028028652,803.4365648,1372,0.4248993496,15.70631974,6355,1131,1223.421577,2719,0.427852085,12.37593012,9872,3688,4833,1047,0.1647521637,4333,0.6818253344,517.9454832,2055,0.4742672513,10.23514958,2022,0.3181746656,737.56267,664,0.3283877349,19.11453916,3328,0.52368214,491.8601323,1443,0.43359375,10.14356502,3024,0.4758457907,443.0357262,1273,0.4209656085,14.9834459
52,2020,Louisville,ACC,8087,1443,1591.374948,3528,0.4362557191,11609,4424,5170,1369,0.1692840361,5553,0.6866575986,640.6132433,2693,0.484963083,10.76164597,2534,0.3133424014,950.7617052,835,0.3295185478,21.74915214,3982,0.4923952022,599.8067911,1794,0.4505273732,10.58635486,4101,0.5071101768,999.600015,1730,0.4218483297,16.11456931,8128,1439,1729.896845,3631,0.4467273622,13.65353097,12185,5005,6152,1394,0.1715059055,5617,0.6910679134,753.1766561,2775,0.4940359623,11.17663491,2511,0.3089320866,1071.221568,856,0.3409000398,21.61592473,4211,0.5180856299,668.5746265,1880,0.4464497744,11.17742982,3912,0.4812992126,723.708608,1746,0.4463190184,16.35760071
53,2020,LSU,SEC,7605,1321,1750.003145,3555,0.4674556213,11290,4278,4668,1161.5,0.1527284681,5401,0.710190664,906.702961,2795,0.5174967599,10.61402249,2204,0.289809336,843.3001839,760,0.3448275862,20.49798769,3672,0.4828402367,640.5991938,1734,0.4722222222,10.37856294,3930,0.516765286,1115.731368,1818,0.4625954198,14.9813877,7839,1315,1544.157988,3557,0.4537568567,12.95143071,11902,4359,4216,1232,0.1571629034,5493,0.7007271336,554.1531208,2706,0.4926269798,10.23589662,2346,0.2992728664,937.8852816,851,0.362745098,21.26998157,3903,0.4978951397,614.461329,1815,0.4650269024,10.10001351,3932,0.5015945911,581.1973055,1738,0.4420142421,16.04506116
54,2020,Marshall,Conference USA,6007,1080,938.4352423,2511,0.418012319,9972,3627,4774,1016,0.169136008,4079,0.6790411187,378.962129,1914,0.4692326551,9.943168349,1928,0.3209588813,559.4731133,597,0.3096473029,19.1018709,3370,0.5610121525,440.1728977,1448,0.4296735905,10.13543353,2635,0.4386549026,501.8655893,1061,0.4026565465,15.21886824,6088,1078,1132.512601,2582,0.4241130092,12.35117562,10282,3889,5624,1001.5,0.1645039422,4174,0.6856110381,514.4415292,1976,0.473406804,10.16217003,1914,0.3143889619,507.3311411,606,0.3166144201,19.51298165,3371,0.5537122208,631.2684106,1455,0.4316226639,10.90931182,2714,0.4457950066,162.9978469,1124,0.4141488578,14.32896678
55,2020,Maryland,Big Ten,5940,1055,1071.917548,2534,0.4265993266,8807,3301,4081,961,0.1617845118,4028,0.6781144781,448.9122521,1902,0.4721946375,11.08899658,1912,0.3218855219,623.0052963,632,0.3305439331,20.54535078,3063,0.5156565657,384.5617832,1298,0.4237675482,10.88179092,2874,0.4838383838,698.5971776,1233,0.4290187891,16.20406809,5751,1047,1016.677637,2478,0.4308815858,13.168982,8459,3162,4142,937,0.1629281864,3962,0.6889236654,474.5651514,1904,0.480565371,11.16244954,1789,0.3110763346,662.3372434,574,0.3208496367,19.78691758,2976,0.5174752217,365.9718114,1268,0.4260752688,10.97242597,2772,0.4820031299,240.758825,1207,0.4354256854,15.57492836
56,2020,Memphis,American Athletic,7743,1378,1385.55174,3298,0.4259331009,11465,4182,4830,1301.5,0.1680873047,5277,0.6815187912,555.3628697,2489,0.4716695092,10.8510209,2466,0.3184812088,830.1888707,809,0.3280616383,21.31800675,3832,0.4948986181,503.1491687,1634,0.4264091858,10.6924412,3906,0.5044556373,891.6450717,1659,0.4247311828,16.45538829,7587,1372,1465.347587,3228,0.4254646105,13.8797728,11423,4360,5244,1333,0.1756952682,5174,0.6819559773,641.2099845,2444,0.472361809,11.51061877,2413,0.3180440227,1019.982119,784,0.3249067551,21.38451596,4034,0.5316989587,456.5860392,1686,0.4179474467,11.19029594,3547,0.4675102148,529.4639759,1536,0.4330420073,17.10328959
57,2020,Miami,ACC,8217,1480,1841.506301,3730,0.45393696,12844,5320,6620,1371.5,0.1669100645,5715,0.69550931,927.897427,2884,0.5046369204,11.4313261,2502,0.30449069,913.6088736,846,0.3381294964,20.87658422,4284,0.5213581599,821.2937621,1992,0.4649859944,11.30454752,3928,0.4780333455,1039.449714,1733,0.441191446,16.16654568,8286,1487,1482.822677,3458,0.4173304369,14.07790575,11882,4573,5774,1466.5,0.1769852764,5588,0.6743905383,460.8693395,2556,0.457408733,11.44136247,2698,0.3256094617,894.9522154,902,0.3343217198,21.50864841,4109,0.4958966932,600.6151412,1752,0.4263811146,11.34150123,4171,0.5033791938,558.6960412,1700,0.4075761208,17.01507376
58,2020,Miami (OH),Mid-American,4924,868,1128.904758,2215,0.4498375305,9369,3448,4840,726.5,0.1475426483,3495,0.7097887896,595.2526104,1730,0.4949928469,11.38937035,1429,0.2902112104,533.6521471,485,0.3393981805,21.03365504,3049,0.6192120227,645.4704087,1365,0.4476877665,12.06441964,1874,0.3805848903,485.0405764,849,0.4530416222,15.95869333,4822,867,888.2631076,2124,0.4404811282,13.36385666,7985,3090,3750,786.5,0.1631065948,3355,0.6957693903,441.9958895,1666,0.4965722802,11.17176072,1467,0.3042306097,435.6612499,458,0.3122017723,20.94544894,2594,0.5379510577,456.3105681,1168,0.4502698535,11.27840778,2226,0.4616341767,187.5120116,954,0.4285714286,16.08698705
59,2020,Michigan,Big Ten,6055,1081,1021.669783,2601,0.4295623452,9098,3395,3739,1001.5,0.1654004955,4187,0.6914946325,457.6090158,2002,0.4781466444,12.06586069,1868,0.3085053675,564.0607672,599,0.3206638116,21.94778723,3175,0.524360033,338.7994903,1352,0.4258267717,11.5617395,2875,0.4748142031,697.9619629,1244,0.4326956522,17.4977132,5910,1079,939.2046511,2483,0.4201353638,14.49598835,8139,3107,3953,1037,0.175465313,4014,0.6791878173,375.5715465,1884,0.4693572496,12.01259127,1896,0.3208121827,654.746926,599,0.31592827,22.40105736,2938,0.4971235195,291.0720225,1227,0.4176310415,11.7996813,2969,0.5023688663,392.8011708,1253,0.4220276187,17.1686578
60,2020,Michigan State,Big Ten,6337,1116,1109.783694,2697,0.4255957077,8874,3407,4098,1069,0.16869181,4314,0.6807637683,457.4575272,2049,0.4749652295,11.04040744,2023,0.3192362317,652.3261668,648,0.3203163618,21.00027094,3140,0.4955026038,357.4376282,1331,0.4238853503,10.72673949,3194,0.5040239861,759.0255229,1363,0.4267376331,15.86734766,6441,1128,1065.012097,2717,0.4218289086,13.3179561,9294,3616,4215,1117,0.1734202764,4381,0.680173886,455.8390125,2065,0.4713535722,10.98146238,2060,0.319826114,667.0290277,652,0.3165048544,20.71669156,3290,0.51079025,401.7158497,1403,0.426443769,10.80400079,3149,0.4888992392,278.7403265,1312,0.4166402032,16.05254878
61,2020,Middle Tennessee,Conference USA,5574,981,1019.85388,2400,0.4305705059,9595,3760,4985,930.5,0.1669357732,3848,0.6903480445,543.9544847,1851,0.481029106,9.539327367,1726,0.3096519555,475.8993952,549,0.3180764774,16.59119708,3086,0.5536419089,592.8495582,1386,0.449125081,9.610266555,2486,0.4459992824,430.6630935,1012,0.407079646,13.30218437,5593,987,993.487479,2406,0.4301805829,10.69554024,8910,3286,3975,947,0.1693187913,3820,0.6829966029,410.0126929,1819,0.4761780105,8.755019155,1773,0.3170033971,551.5174467,587,0.3310772702,16.83363664,2949,0.5272662256,443.5863226,1309,0.4438792811,8.805462655,2643,0.4725549794,177.4938805,1096,0.4146802876,12.96860506
62,2020,Minnesota,Big Ten,5470,1001,898.4094882,2335,0.4268738574,8275,3198,4138,888,0.1623400366,3751,0.6857404022,430.7520267,1817,0.4844041589,12.00897667,1719,0.3142595978,467.6574615,518,0.3013379872,23.53733988,2906,0.531261426,372.5925487,1268,0.4363386098,11.76010739,2562,0.4683729433,530.8250092,1065,0.4156908665,17.97534104,5550,998,892.7071685,2335,0.4207207207,14.71566784,8115,3115,3761,984,0.1772972973,3773,0.6798198198,353.0466902,1754,0.4648820567,12.23119057,1777,0.3201801802,578.9019766,581,0.3269555431,21.67996149,2791,0.5028828829,324.1613204,1172,0.4199211752,11.83269174,2756,0.4965765766,408.8740874,1160,0.4208998549,17.67114247
63,2020,Mississippi State,SEC,8084,1395,1716.025746,3686,0.4559623949,12052,4477,4350,1237.5,0.1530801583,5684,0.7031172687,769.1011434,2838,0.4992962702,10.60578626,2400,0.2968827313,946.9246021,848,0.3533333333,20.09324502,4081,0.5048243444,556.168423,1869,0.4579759863,9.868545218,3999,0.4946808511,1169.150903,1813,0.4533633408,15.72455419,8172,1394,1693.051049,3697,0.4523984337,13.08308925,12079,4488,5010,1315,0.1609153206,5728,0.7009300049,715.855512,2839,0.4956354749,10.69221284,2444,0.2990699951,1062.918186,858,0.3510638298,21.06676037,3991,0.4883749388,634.517799,1815,0.4547732398,10.61647476,4179,0.5113803231,543.1995573,1880,0.4498683896,15.42654259
64,2020,Missouri,SEC,7341,1272,1555.984703,3331,0.4537528947,11575,4165,4793,1174,0.1599237161,5180,0.7056259365,801.4889403,2616,0.505019305,10.77073656,2161,0.2943740635,754.4957626,715,0.3308653401,20.73722685,3795,0.5169595423,612.6477995,1764,0.4648221344,10.1458893,3543,0.482631794,950.3617442,1564,0.4414338132,15.95295734,7448,1274,1679.120442,3471,0.4660311493,12.98304425,11478,4230,4853,1127,0.1513157895,5278,0.7086466165,848.2499012,2714,0.514209928,10.64947445,2170,0.2913533835,1090.639486,757,0.3488479263,20.99213498,3735,0.5014769066,594.9522081,1756,0.4701472557,10.05025352,3710,0.4981203008,634.3639144,1712,0.4614555256,16.05560867
65,2020,Navy,American Athletic,7291,1257,1601.912894,3255,0.4464408174,11726,4377,5142,1138,0.1560828419,5043,0.6916746674,721.6581711,2469,0.48958953,10.93974508,2248,0.3083253326,880.2547232,786,0.3496441281,20.87883133,3821,0.5240707722,585.1888683,1709,0.4472651138,10.67062166,3468,0.475654917,1020.323511,1544,0.4452133795,16.39929604,6977,1262,1122.744997,2896,0.4150781138,13.46950287,10119,3805,4027,1233.5,0.1767951842,4680,0.6707754049,414.6963723,2164,0.4623931624,10.95601523,2297,0.3292245951,763.3436422,732,0.3186765346,21.00017832,3561,0.5103912857,369.7037297,1457,0.4091547318,10.94808338,3413,0.4891787301,377.4674813,1436,0.4207442133,16.35247959
66,2020,NC State,ACC,7932,1432,1540.260076,3400,0.4286434695,10517,4325,5309,1475,0.1859556228,5372,0.6772566818,635.6408373,2585,0.4811988086,11.02345901,2560,0.3227433182,904.619239,815,0.318359375,21.96915112,3624,0.4568835098,610.1897008,1591,0.43901766,11.15529755,4307,0.5429904186,931.8374856,1808,0.4197817506,15.86871422,7959,1428,1531.52582,3488,0.4382460108,13.39182597,11907,4886,6074,1335,0.16773464,5480,0.6885287096,675.5623966,2688,0.4905109489,11.00043911,2479,0.3114712904,907.0084592,800,0.3227107705,21.3354575,4154,0.5219248649,630.8956649,1850,0.4453538758,11.13798022,3802,0.4776982033,473.209762,1635,0.4300368227,15.97234801
67,2020,Nebraska,Big Ten,5750,1053,1217.662166,2551,0.4436521739,8957,3463,4577,906,0.1575652174,4003,0.696173913,610.4675334,1973,0.4928803397,11.27876614,1747,0.303826087,607.1946326,578,0.3308528907,20.48204444,3063,0.5326956522,448.2019623,1347,0.4397649363,10.6652009,2685,0.4669565217,779.0302286,1202,0.4476722533,16.38536214,5771,1055,863.7504262,2429,0.4208975914,12.69807153,7952,2913,3359,945,0.1637497834,3932,0.6813377231,440.6574054,1881,0.4783825025,10.73514563,1839,0.3186622769,586.5919155,548,0.297988037,19.34298322,2815,0.4877837463,288.3999231,1187,0.421669627,10.16159679,2953,0.5116964131,289.1641596,1239,0.4195733153,15.31553304
68,2020,Nevada,Mountain West,4561,830,765.1207155,1889,0.4141635606,6673,2500,3224,764.5,0.1676167507,3082,0.6757290068,296.0155009,1438,0.4665801428,10.00720106,1479,0.3242709932,469.1052145,451,0.3049357674,19.63972257,2377,0.5211576409,298.1911139,1001,0.4211190576,10.08811288,2184,0.4788423591,466.9296015,888,0.4065934066,14.87043956,4655,836,824.4777389,1918,0.4120300752,12.42163307,6919,2633,3470,774.5,0.1663802363,3132,0.6728249194,325.3179633,1443,0.4607279693,10.16058355,1523,0.3271750806,443.1776509,475,0.3118844386,19.40752119,2434,0.5228786251,381.3000881,1011,0.4153656532,10.86801496,2221,0.4771213749,172.6666776,907,0.408374606,14.34326713
69,2020,New Mexico,Mountain West,4541,799,795.633829,1914,0.4214930632,7320,2679,3266,727.5,0.1602070029,3071,0.6762827571,334.6871657,1461,0.475740801,9.953744048,1470,0.3237172429,460.9466633,453,0.3081632653,19.38154512,2495,0.5494384497,365.3799466,1091,0.4372745491,10.12390897,2046,0.4505615503,430.2538824,823,0.4022482893,14.95584258,4445,801,761.4841025,1826,0.4107986502,12.44007306,6489,2467,3030,743,0.1671541057,2990,0.6726659168,278.9377062,1376,0.4602006689,10.12913256,1455,0.3273340832,473.2480262,450,0.3092783505,19.42782084,2289,0.5149606299,292.660168,949,0.4145915247,10.38626086,2154,0.4845894263,200.3392212,875,0.4062209842,14.80172701
70,2020,North Carolina,ACC,8235,1471,1587.315917,3553,0.4314511233,12337,4977,6149,1451,0.17619915,5597,0.6796599879,666.6361736,2683,0.479363945,11.32469507,2638,0.3203400121,920.6797429,870,0.3297952995,21.07960009,4267,0.5181542198,698.7846952,1889,0.4426997891,11.32978266,3964,0.4813600486,901.1450484,1660,0.4187689203,16.43588071,8165,1482,1589.010997,3502,0.4289038579,14.08431231,11342,4786,6226,1503.5,0.1841396203,5506,0.6743417024,621.9484491,2618,0.4754812931,11.62488595,2659,0.3256582976,999.0978147,884,0.3324558105,21.27107117,4011,0.4912431108,602.3354453,1744,0.4348042882,11.43043782,4150,0.5082669933,514.2296268,1754,0.4226506024,16.78329289
71,2020,Northern Illinois,Mid-American,4791,867,1153.613136,2180,0.4550198288,8225,3216,3985,774,0.1615529117,3342,0.6975579211,555.8776046,1696,0.5074805506,11.16043098,1449,0.3024420789,597.7355317,484,0.3340234645,22.62450113,2672,0.5577123774,519.5925665,1236,0.4625748503,11.15545635,2117,0.4418701732,637.536579,942,0.4449692962,16.8732673,4928,873,986.903006,2174,0.4411525974,13.56194925,7959,2994,3444,800.5,0.1624391234,3445,0.6990665584,461.3969844,1681,0.4879535559,11.37620609,1483,0.3009334416,586.2015189,493,0.3324342549,20.66207748,2616,0.5308441558,402.490352,1171,0.4476299694,11.02438765,2311,0.4689529221,253.1570749,1002,0.4335785374,16.58159535
72,2020,North Texas,Conference USA,6796,1189,1312.157731,2920,0.4296645085,10815,3940,4833,1073.5,0.157960565,4689,0.6899646851,565.0715552,2215,0.472382171,11.21019329,2107,0.3100353149,747.0861762,705,0.3345989559,21.12367549,3617,0.5322248381,543.0333181,1570,0.4340613768,11.03190763,3177,0.4674808711,772.783185,1348,0.4242996538,16.65003491,6556,1185,1196.191965,2783,0.4244966443,13.3288467,10196,3718,4478,1081,0.1648871263,4438,0.6769371568,531.0684113,2093,0.4716088328,11.14664264,2118,0.3230628432,715.6792952,690,0.3257790368,19.93986348,3460,0.5277608298,482.1289606,1509,0.4361271676,10.75642606,3095,0.4720866382,278.3433899,1273,0.4113085622,16.38310825
73,2020,Northwestern,Big Ten,5409,992,773.684141,2256,0.41708264,7775,3001,3797,936.5,0.1731373637,3680,0.6803475689,330.858945,1730,0.4701086957,11.14982546,1729,0.3196524311,442.825196,526,0.3042220937,19.98439235,2782,0.5143279719,325.0596457,1188,0.427030913,10.85856286,2625,0.485302274,456.9192308,1066,0.4060952381,15.84714697,5551,994,1081.064403,2418,0.4355971897,12.94446512,8570,3164,4114,846,0.1524049721,3856,0.6946496127,508.829033,1857,0.4815871369,10.84518982,1695,0.3053503873,690.4113502,561,0.3309734513,19.81745322,2971,0.5352188795,403.8042471,1295,0.435880175,10.34969217,2576,0.4640605296,335.4098809,1119,0.4343944099,15.98983306
74,2020,Notre Dame,FBS Independents,7102,1274,1607.951358,3215,0.4526893833,11375,4604,5778,1164,0.1638974937,4963,0.6988172346,834.9962699,2497,0.503123111,12.41902361,2139,0.3011827654,772.9550884,718,0.3356708742,22.98261747,3755,0.528724303,718.2003342,1732,0.4612516644,11.87479341,3344,0.4708532808,895.3130668,1480,0.4425837321,18.18051188,7082,1265,1375.736123,3052,0.4309517086,14.75847237,10584,4037,4957,1145.5,0.1617480938,4849,0.6846935894,557.4488825,2309,0.4761806558,12.16390567,2233,0.3153064106,888.1734702,743,0.3327362293,22.82900833,3627,0.5121434623,493.0094707,1583,0.4364488558,11.73002264,3452,0.4874329286,451.9677293,1466,0.4246813441,18.00033349
75,2020,Ohio,Mid-American,4905,904,925.7213909,2097,0.4275229358,7883,3057,3984,817,0.1665647299,3354,0.6837920489,398.433615,1599,0.476744186,11.35415294,1551,0.3162079511,527.2877759,498,0.3210831721,21.99907106,2651,0.5404689093,406.3536119,1139,0.429649189,11.51468943,2251,0.4589194699,525.0526366,955,0.4242558863,16.48640084,5149,910,982.6170245,2260,0.4389201787,13.72656289,9014,3430,3586,822,0.1596426491,3599,0.6989706739,450.3098299,1761,0.4893025841,11.40730397,1550,0.3010293261,423.7100161,499,0.3219354839,21.15569496,2828,0.5492328607,562.9646133,1295,0.4579207921,11.48188907,2319,0.4503787143,253.0212796,963,0.4152652005,16.58309849
76,2020,Ohio State,Big Ten,5945,1073,910.5250698,2494,0.4195121951,8342,3108,3568,1017,0.1710681245,4057,0.6824222035,347.1582106,1890,0.465861474,12.0436135,1888,0.3175777965,563.3668592,604,0.3199152542,22.04509646,2937,0.4940285955,281.2092186,1224,0.4167517875,11.84230726,3004,0.5052985702,641.5832163,1266,0.4214380826,16.77698022,6122,1076,1141.524402,2630,0.4295981705,14.37601977,9380,3480,4338,938.5,0.1532995753,4233,0.6914407057,542.302772,2024,0.4781478857,11.89683037,1889,0.3085592943,723.620831,606,0.3208046585,22.66975282,3257,0.5320156811,426.2712759,1391,0.4270801351,11.97441541,2861,0.4673309376,384.4896408,1235,0.4316672492,17.27123429
77,2020,Oklahoma,Big 12,7762,1448,1240.58287,3230,0.4161298634,11235,4514,6222,1381,0.1779180624,5251,0.6765009018,541.3625656,2471,0.4705770329,11.06056714,2511,0.3234990982,699.2203049,759,0.3022700119,20.59582066,4003,0.5157175986,578.7215248,1694,0.423182613,11.7745308,3753,0.4835094048,673.1261835,1530,0.4076738609,15.16146894,7755,1438,1227.548505,3162,0.4077369439,13.53953243,10796,4043,5329,1395,0.1798839458,5247,0.6765957447,498.7530574,2401,0.4575948161,11.16297749,2508,0.3234042553,868.8512611,761,0.3034290271,20.95189112,4002,0.5160541586,367.9537614,1607,0.4015492254,11.14784785,3748,0.4833010961,354.8772437,1550,0.4135538954,16.10634556
78,2020,Oklahoma State,Big 12,7421,1389,1280.393151,3134,0.4223150519,10231,3978,5254,1319,0.1777388492,5040,0.6791537529,532.1505076,2393,0.4748015873,10.85107566,2381,0.3208462471,748.2426435,741,0.3112137757,21.11882648,3678,0.4956205363,439.6227096,1568,0.4263186514,11.18025149,3737,0.5035709473,851.9381959,1560,0.4174471501,15.63878195,7392,1390,1072.233693,2974,0.4023268398,13.340787,10107,3817,4872,1322,0.1788419913,4964,0.6715367965,461.7179189,2277,0.4587026591,11.04970944,2428,0.3284632035,726.1433665,697,0.2870675453,20.65628025,3721,0.5033820346,358.0213788,1465,0.3937113679,11.37006816,3667,0.4960768398,352.1356106,1505,0.4104172348,15.42596964
79,2020,Ole Miss,SEC,8113,1402,1794.348658,3740,0.4609885369,12466,4899,5196,1281.5,0.1579563663,5685,0.7007272279,849.2564771,2889,0.5081794195,10.65801219,2428,0.2992727721,945.0921812,851,0.3504942339,20.42982377,4018,0.4952545298,755.3956661,1898,0.4723743156,10.36750896,4090,0.5041291754,1049.453291,1837,0.4491442543,15.60196853,8008,1411,1433.105526,3502,0.4373126873,13.06637952,11540,4337,4417,1351,0.1687062937,5517,0.6889360639,572.0919695,2677,0.4852274787,10.66669635,2491,0.3110639361,998.2363012,825,0.3311922923,20.83325889,3946,0.4927572428,439.5541329,1729,0.4381652306,10.16683029,4060,0.506993007,595.1600853,1771,0.4362068966,15.9617288
80,2020,Oregon,Pac-12,4397,769,942.2588815,1999,0.4546281556,6718,2691,3610,680,0.1546508983,3059,0.6957016147,439.9292034,1543,0.5044132069,10.71568524,1338,0.3042983853,502.3296781,456,0.3408071749,19.75687568,2238,0.5089833978,437.8089711,1031,0.4606791778,11.29972796,2157,0.4905617466,509.0416174,966,0.4478442281,14.68704435,4209,767,937.5356461,1889,0.4488001901,13.44091129,6162,2480,3620,686,0.1629840817,2910,0.6913756237,457.4009226,1449,0.4979381443,11.34090697,1299,0.3086243763,574.5470566,440,0.3387220939,20.52427795,2093,0.4972677596,362.9885895,963,0.4601051123,11.41456034,2116,0.5027322404,298.301107,926,0.4376181474,15.65783787
81,2020,Oregon State,Pac-12,4162,746,868.0807473,1852,0.4449783758,5679,2208,2963,659,0.1583373378,2878,0.6914944738,388.6071476,1414,0.4913134121,10.90279461,1284,0.3085055262,479.4735997,438,0.3411214953,20.403691,1992,0.47861605,293.9421027,898,0.4508032129,10.7381046,2170,0.52138395,574.1386446,954,0.4396313364,15.50883218,4226,743,843.1254044,1867,0.4417889257,13.20600185,6283,2532,3113,700.5,0.1657595835,2907,0.6878845244,414.0987405,1439,0.4950120399,11.18761926,1319,0.3121154756,519.3393299,428,0.3244882487,20.07025077,2152,0.509228585,327.1024921,974,0.4526022305,11.184323,2072,0.4902981543,192.5141865,891,0.430019305,15.57571794
82,2020,Penn State,Big Ten,5774,1056,915.5065345,2433,0.4213716661,8555,3223,3815,927,0.1605472809,3913,0.677693107,405.723874,1858,0.4748274981,11.20308604,1861,0.322306893,509.7826604,575,0.3089736701,20.56021333,2965,0.5135088327,351.7003393,1272,0.429005059,10.94320266,2805,0.4857984067,577.1090005,1157,0.4124777184,16.29034857,5980,1051,1038.602357,2615,0.4372909699,12.76573827,8622,3167,3708,990,0.1655518395,4147,0.6934782609,438.3121786,2003,0.4829997589,10.74072981,1833,0.3065217391,757.0289934,612,0.3338788871,19.23639397,2994,0.5006688963,293.2047818,1286,0.4295257181,10.03897917,2983,0.4988294314,481.9499958,1326,0.4445189407,15.50489064
83,2020,Pittsburgh,ACC,7327,1358,1543.668599,3234,0.4413811928,11260,4606,5621,1289,0.1759246622,5064,0.6911423502,760.4983014,2505,0.4946682464,11.18913662,2263,0.3088576498,783.170298,729,0.3221387539,21.76035839,3730,0.5090760202,654.3765147,1698,0.455227882,11.11563133,3595,0.4906510168,892.934282,1534,0.4267037552,16.45430339,7604,1366,1610.540729,3309,0.4351657023,14.00564688,11275,4472,5975,1330,0.1749079432,5206,0.6846396633,746.9937733,2524,0.4848252017,11.67267938,2398,0.3153603367,970.4450738,785,0.3273561301,21.47507694,3874,0.5094687007,644.274177,1709,0.4411461022,11.28531474,3728,0.4902682799,453.5127425,1598,0.4286480687,16.94485112
84,2020,Purdue,Big Ten,6184,1087,1127.664872,2693,0.4354786546,9808,3775,4732,958,0.154915912,4283,0.6925937904,562.9789837,2091,0.4882091992,10.89992625,1901,0.3074062096,564.6858884,602,0.316675434,19.66234222,3363,0.5438227684,495.2769246,1487,0.4421647339,10.5638975,2819,0.4558538163,641.9579726,1204,0.4271018092,15.73741418,5967,1085,945.6503893,2547,0.4268476621,12.95408715,8294,3197,4086,1027.5,0.172197084,4072,0.6824199765,421.8126746,1945,0.4776522593,10.90104683,1895,0.3175800235,631.5430961,602,0.3176781003,19.58759434,2915,0.4885201944,332.441601,1240,0.4253859348,10.56137563,3048,0.510809452,373.2164005,1303,0.4274934383,15.32991886
85,2020,Rice,Conference USA,7166,1295,1294.555798,3027,0.4224113871,11123,4021,4809,1158.5,0.1616662015,4909,0.6850404689,529.6247503,2295,0.4675086576,11.09068831,2257,0.3149595311,764.9310474,732,0.3243243243,21.7570251,3725,0.5198157968,504.4846153,1597,0.4287248322,10.98469515,3439,0.4799051075,794.0274059,1428,0.4152369875,16.84714583,7270,1293,1425.961909,3163,0.4350756534,13.60779275,11477,4178,5732,1179,0.162173315,5016,0.6899587345,704.4511168,2421,0.4826555024,11.49985462,2254,0.3100412655,806.7666768,742,0.3291925466,20.54738289,3858,0.5306740028,629.2483969,1700,0.4406428201,11.44652727,3409,0.4689133425,416.1100556,1460,0.4282780874,16.24592903
86,2020,Rutgers,Big Ten,5830,1083,786.3397357,2359,0.4046312178,8343,3058,3580,982,0.1684391081,3919,0.672212693,277.7174224,1760,0.4490941567,11.2477828,1911,0.327787307,508.6223133,599,0.3134484563,19.93763573,2978,0.510806175,208.5872168,1196,0.40161182,10.5675941,2849,0.4886792453,589.3839368,1160,0.4071604072,16.54503936,5982,1088,1052.796707,2555,0.4271146774,13.29727018,8911,3338,4063,991,0.1656636576,4091,0.6838849883,463.1733562,1959,0.4788560254,10.97121348,1891,0.3161150117,685.7242411,596,0.3151771549,20.80809915,3042,0.5085255767,374.3492762,1306,0.4293228139,10.50726291,2937,0.4909729188,334.4911612,1246,0.4242424242,16.36593052
87,2020,San Diego State,Mountain West,4659,822,914.6357128,2014,0.4322816055,6716,2595,3220,734.5,0.1576518566,3192,0.6851255634,367.1695188,1529,0.4790100251,10.09759875,1467,0.3148744366,547.466194,485,0.3306066803,18.95544172,2271,0.4874436574,372.5310149,1008,0.4438573316,10.45232327,2387,0.5123417042,544.1863358,1005,0.4210305823,14.16406758,4607,833,919.5152252,1946,0.4224006946,12.57958037,7155,2681,3804,697.5,0.1514000434,3135,0.6804862166,430.3805224,1487,0.4743221691,10.50610006,1472,0.3195137834,496.5650002,459,0.3118206522,19.51855717,2413,0.5237681789,422.950225,1051,0.4355573974,10.69352677,2194,0.4762318211,267.6778058,895,0.4079307201,14.86747506
88,2020,San Jos State,Mountain West,4543,821,824.4052568,1880,0.4138234647,6277,2440,3175,773.5,0.1702619414,3066,0.6748844376,322.2206776,1424,0.4644487932,10.41229235,1477,0.3251155624,502.1845792,456,0.3087339201,19.73283037,2224,0.489544354,294.6987341,937,0.4213129496,10.38366731,2318,0.5102355272,531.7881607,942,0.4063848145,15.01549693,4559,813,805.8549922,1901,0.4169774073,12.45649032,6602,2608,3564,768.5,0.1685676683,3090,0.677780215,337.2805578,1448,0.4686084142,10.33944836,1469,0.322219785,436.7515073,453,0.3083730429,19.11957814,2339,0.5130511077,371.1851228,992,0.4241128687,10.83868883,2219,0.486729546,135.781004,908,0.4091933303,14.33858216
89,2020,SMU,American Athletic,7705,1382,1491.751973,3326,0.4316677482,12215,4558,5661,1282,0.166385464,5268,0.6837118754,617.3407726,2520,0.4783599089,11.14671853,2437,0.3162881246,874.4112,806,0.3307345096,21.5070416,4074,0.5287475665,655.7459484,1788,0.4388807069,11.30201136,3626,0.4706035042,845.2075943,1533,0.4227799228,16.79723576,7693,1384,1411.50628,3223,0.4189522943,13.77676462,11647,4328,5624,1286,0.1671649552,5202,0.6761991421,638.3816617,2457,0.4723183391,11.30531764,2491,0.3238008579,903.1581507,766,0.3075070253,21.66929111,4069,0.528922397,513.9559342,1709,0.4200049152,11.19155156,3621,0.4706876381,492.9096052,1511,0.417288042,16.66321261
90,2020,South Alabama,Sun Belt,7806,1393,1528.800632,3444,0.4411990776,12808,4811,5764,1233.5,0.1580194722,5418,0.6940814758,829.1548659,2655,0.4900332226,11.14389162,2388,0.3059185242,699.6457665,789,0.3304020101,19.38759555,4158,0.5326671791,686.366915,1855,0.4461279461,10.69950703,3644,0.4668203946,849.8434876,1585,0.4349615807,15.64608048,8128,1384,1585.837681,3581,0.4405757874,13.39139597,13195,4884,5324,1283.5,0.1579109252,5642,0.6941437008,739.2772147,2746,0.4867068415,11.27751286,2486,0.3058562992,869.0680774,835,0.3358809332,20.15289795,4413,0.5429379921,725.9005052,1967,0.4457285293,11.28744701,3710,0.4564468504,359.3339111,1609,0.4336927224,16.22907391
91,2020,South Carolina,SEC,7836,1349,1590.392378,3552,0.4532924962,11527,4255,4491,1241.5,0.1584354262,5516,0.7039305768,811.9071242,2767,0.5016316171,10.61196892,2320,0.2960694232,778.4852538,785,0.338362069,19.83631414,3826,0.488259316,552.5827288,1754,0.4584422373,10.01398483,4008,0.5114854518,1042.494557,1796,0.4481037924,15.29672484,7717,1346,1478.992816,3446,0.4465465855,12.92849453,11180,4120,4400,1275,0.1652196449,5373,0.6962550214,717.2229344,2675,0.4978596687,10.9009367,2344,0.3037449786,1020.131445,771,0.3289249147,19.96893697,3816,0.4944926785,465.2271571,1682,0.4407756813,10.24579139,3898,0.5051185694,586.7485477,1761,0.4517701385,15.53461459
92,2020,Southern Mississippi,Conference USA,7118,1242,1416.631356,3087,0.4336892386,10647,3690,4269,1124.5,0.1579797696,4922,0.6914863726,555.4299643,2345,0.4764323446,10.88158063,2196,0.3085136274,861.2013918,742,0.3378870674,21.81886043,3618,0.5082888452,440.1501157,1551,0.4286898839,10.68868339,3499,0.4915706659,978.1646396,1535,0.4386967705,16.66811168,7030,1246,1319.495363,3036,0.4318634424,13.36370605,10994,4016,5517,1122,0.159601707,4854,0.6904694168,647.5555306,2316,0.4771322621,11.31181037,2176,0.3095305832,754.3133266,720,0.3308823529,19.88250906,3709,0.5275960171,568.4817263,1619,0.4365057967,11.17075776,3319,0.4721194879,340.0485978,1415,0.4263332329,15.93400561
93,2020,South Florida,American Athletic,7906,1403,1898.169547,3613,0.4569946876,11882,4604,5394,1283,0.1622818113,5495,0.6950417405,904.40516,2739,0.4984531392,11.1919032,2411,0.3049582595,993.7643867,874,0.3625051846,20.99968911,3939,0.498229193,631.5253211,1766,0.4483371414,10.91934027,3963,0.5012648621,1274.520771,1843,0.4650517285,16.1968537,7882,1398,1348.055187,3285,0.4167723928,13.71590147,11589,4323,4770,1395.5,0.1770489723,5314,0.6741943669,531.9199803,2472,0.4651863003,11.28980722,2568,0.3258056331,939.9590163,813,0.316588785,21.13353512,4064,0.5156051764,413.7381371,1688,0.4153543307,10.83200887,3815,0.4840142096,308.7003636,1594,0.4178243775,17.00413679
94,2020,Stanford,Pac-12,5268,928,1059.746531,2335,0.4432422172,8001,3243,4238,857,0.1626803341,3658,0.6943811693,528.7557604,1817,0.4967195189,12.13628272,1610,0.3056188307,530.990771,518,0.3217391304,21.6375559,2755,0.5229688686,414.0610684,1244,0.4515426497,11.88115148,2511,0.4766514806,649.672947,1089,0.4336917563,17.05847779,5319,943,1114.434551,2399,0.4510246287,14.06452171,7529,3035,3841,884.5,0.1662906561,3674,0.6907313405,575.1503547,1865,0.5076211214,12.04169412,1645,0.3092686595,703.080803,534,0.3246200608,21.55285629,2557,0.4807294604,419.7016679,1167,0.456394212,12.08489432,2760,0.518894529,267.3576441,1230,0.4456521739,16.13466942
95,2020,Syracuse,ACC,7575,1346,1661.482944,3335,0.4402640264,11102,4663,5852,1310.5,0.1730033003,5170,0.6825082508,752.5902819,2543,0.4918762089,11.47753671,2405,0.3174917492,908.8926626,792,0.3293139293,21.80195453,3850,0.5082508251,663.0757563,1738,0.4514285714,11.4858903,3720,0.4910891089,1012.859797,1592,0.4279569892,16.68148461,7421,1344,1364.444002,3170,0.4271661501,13.67930511,10702,4555,5394,1338,0.1802991511,4993,0.6728203746,534.411222,2386,0.4778690166,11.31059646,2428,0.3271796254,874.0591639,784,0.3228995058,20.80454202,3797,0.511656111,494.1944301,1643,0.4327100342,11.17457255,3622,0.4880743835,479.2669009,1525,0.4210381005,16.41930462
96,2020,TCU,Big 12,7508,1395,1335.749733,3163,0.4212839638,10181,4019,5319,1319,0.1756792754,5087,0.6775439531,560.1294382,2402,0.4721839984,10.97205164,2421,0.3224560469,775.6202949,761,0.3143329203,20.97578909,3711,0.4942727757,437.2526322,1555,0.4190245217,11.29633299,3793,0.5051944592,906.0796989,1604,0.4228842605,15.61508624,7375,1375,1188.003053,3069,0.4161355932,13.15226178,10265,3922,5094,1317,0.1785762712,5019,0.6805423729,535.9843019,2347,0.4676230325,11.05416807,2356,0.3194576271,773.314237,722,0.3064516129,20.17128516,3733,0.5061694915,423.9453335,1534,0.4109295473,11.28590903,3637,0.4931525424,382.162706,1530,0.4206763816,15.19979336
97,2020,Temple,American Athletic,6988,1248,1186.57544,2931,0.4194333143,10161,3761,4484,1249,0.1787349742,4728,0.6765884373,447.7730134,2211,0.4676395939,11.05393621,2260,0.3234115627,738.8024264,720,0.3185840708,21.04603664,3565,0.5101602748,384.9777477,1474,0.4134642356,11.27332854,3419,0.4892673154,808.7884097,1453,0.4249780638,16.13061365,6978,1240,1392.328986,3042,0.4359415305,13.59490147,10962,4328,5204,1150.5,0.1648753224,4809,0.6891659501,632.1183861,2337,0.4859638178,11.18325963,2169,0.3108340499,854.669195,705,0.3250345781,21.69890492,3719,0.5329607337,543.2675964,1619,0.4353320785,11.38735352,3256,0.4666093437,536.4682077,1420,0.4361179361,16.23580291
98,2020,Tennessee,SEC,7606,1306,1614.02795,3438,0.4520115698,11169,4161,4536,1273.5,0.167433605,5321,0.6995792795,743.432558,2667,0.5012215749,10.73719014,2285,0.3004207205,870.5953917,771,0.3374179431,20.78691952,3851,0.5063108073,545.8835228,1749,0.4541677486,10.24883706,3752,0.4932947673,1079.532224,1686,0.4493603412,16.05022279,7596,1305,1690.694335,3463,0.455897841,13.30029002,11414,4250,4675,1227,0.1615323855,5324,0.700895208,826.9783856,2671,0.5016904583,11.16552059,2272,0.299104792,1028.549258,792,0.3485915493,20.57495647,3762,0.4952606635,664.4850096,1757,0.4670388091,10.56023651,3833,0.5046076883,676.4141351,1705,0.4448212888,16.29895266
99,2020,Texas,Big 12,8185,1517,1437.985599,3476,0.4246792914,11852,4551,5904,1429,0.1745876604,5592,0.6832009774,694.9713983,2678,0.4788984263,12.03257484,2593,0.3167990226,743.0142009,798,0.307751639,22.44025019,4227,0.5164324985,524.6537961,1786,0.4225218831,12.0035152,3950,0.4825901038,929.006884,1682,0.4258227848,17.26926628,8153,1513,1206.381691,3354,0.4113823133,14.32657892,11835,4393,5357,1406,0.1724518582,5553,0.681098982,527.304385,2577,0.4640734738,12.00630518,2600,0.318901018,708.1967671,777,0.2988461538,21.79053056,4169,0.511345517,499.0045665,1733,0.4156872152,12.20825597,3981,0.4882865203,408.5300521,1618,0.4064305451,16.64758465
100,2020,Texas A&M,SEC,7182,1239,1573.254267,3290,0.4580896686,10474,3931,4115,1105.5,0.1539264829,5085,0.7080200501,700.2186798,2549,0.5012782694,10.61685725,2097,0.2919799499,873.0355874,741,0.3533619456,21.2925759,3476,0.4839877471,567.1130104,1613,0.4640391254,10.40993735,3705,0.5158730159,1008.48119,1676,0.4523616734,15.78341352,7087,1238,1567.233266,3231,0.4559051785,13.68377217,10814,4070,4795,1146,0.1617045294,4997,0.7050938338,682.3604441,2490,0.4982989794,11.19025215,2090,0.2949061662,922.8677554,741,0.3545454545,21.90549121,3506,0.4947086214,646.707964,1651,0.4709070165,11.28833058,3580,0.5051502752,458.0066136,1579,0.4410614525,16.28476097
101,2020,Texas State,Sun Belt,7436,1325,1361.604736,3172,0.4265734266,11158,4016,4739,1249.5,0.1680338892,5099,0.685718128,592.7673239,2402,0.4710727594,11.25810782,2337,0.314281872,768.837412,770,0.3294822422,19.92429591,3851,0.5178859602,498.5216266,1641,0.4261230849,10.88831043,3581,0.4815761162,870.4828166,1527,0.4264172019,15.93573881,7568,1326,1401.27828,3324,0.439217759,13.07655231,11855,4437,5117,1228.5,0.1623282241,5258,0.6947674419,663.71177,2560,0.4868771396,11.08078605,2310,0.3052325581,817.7228451,764,0.3307359307,19.87396873,4034,0.5330338266,590.4136358,1785,0.4424888448,11.04711264,3530,0.4664376321,432.4036401,1535,0.4348441926,15.58029435
102,2020,Texas Tech,Big 12,7314,1372,1209.042444,3018,0.412633306,10301,4046,5475,1310,0.1791085589,4935,0.674733388,477.8871203,2289,0.4638297872,11.20716516,2379,0.325266612,731.1553238,729,0.3064312736,21.02774843,3719,0.5084768936,446.8607405,1533,0.4122075827,11.7166981,3593,0.4912496582,765.6615525,1483,0.4127470081,15.63632488,7179,1368,1067.948944,2885,0.4018665552,13.56380372,9608,3779,5329,1329,0.1851232762,4805,0.6693132748,454.4361318,2189,0.4555671176,11.33795316,2374,0.3306867252,698.3687124,696,0.2931760741,20.48658437,3615,0.5035520267,378.8367496,1429,0.3952973721,11.62958686,3559,0.4957514974,348.367527,1451,0.4076987918,15.62873275
103,2020,Toledo,Mid-American,4385,794,732.0905807,1877,0.428050171,6994,2654,3189,730,0.1664766249,3023,0.689395667,321.9868234,1451,0.4799867681,11.18743361,1362,0.310604333,410.1037573,426,0.3127753304,20.68472106,2372,0.5409350057,312.4314392,1026,0.4325463744,11.31949711,2011,0.458608894,423.054234,849,0.4221780209,15.9957796,4425,790,999.4165012,1993,0.4503954802,13.76915223,6968,2849,3581,752,0.1699435028,3048,0.6888135593,428.5085591,1527,0.500984252,11.24269561,1377,0.3111864407,594.6567926,466,0.3384168482,21.72799198,2355,0.5322033898,414.8576909,1066,0.4526539278,11.32851094,2067,0.4671186441,313.802069,924,0.4470246734,16.82974401
104,2020,Troy,Sun Belt,8144,1438,1684.725089,3593,0.4411836935,13813,5366,6996,1359,0.1668713163,5645,0.6931483301,827.5373827,2761,0.489105403,11.2931635,2499,0.3068516699,857.1877067,832,0.3329331733,20.25112733,4560,0.5599214145,862.882114,2062,0.4521929825,11.43880196,3580,0.4395874263,829.5803773,1527,0.4265363128,15.98045374,8273,1441,1617.408438,3662,0.442644748,13.19767572,13466,4952,5463,1306.5,0.1579233652,5714,0.690680527,753.5855319,2805,0.490899545,11.03938854,2559,0.309319473,868.4970423,857,0.3348964439,20.22487507,4404,0.5323340989,754.7048754,2012,0.4568574024,10.86527867,3866,0.4673032757,251.1919224,1647,0.4260217279,16.20699854
105,2020,Tulane,American Athletic,7539,1343,1719.151165,3385,0.4489985409,11235,4370,5224,1296,0.1719060883,5218,0.6921342353,753.4696325,2569,0.4923342277,11.01516923,2321,0.3078657647,965.6815327,816,0.351572598,21.92103134,3817,0.5063005704,553.5806499,1690,0.4427560912,10.88847646,3720,0.4934341425,1169.17,1693,0.4551075269,16.51468852,7399,1330,1290.153192,3101,0.4191106906,13.63727749,10571,4101,4796,1309,0.1769157994,4997,0.6753615353,603.029186,2358,0.4718831299,11.47838453,2402,0.3246384647,773.8629585,743,0.309325562,20.51685115,3689,0.4985808893,519.8897186,1541,0.4177283817,11.6375935,3708,0.5011488039,211.2977884,1558,0.4201725998,15.72316615
106,2020,Tulsa,American Athletic,7562,1360,1521.63903,3244,0.4289870405,11622,4468,5677,1274,0.1684739487,5109,0.6756149167,691.5271135,2430,0.475631239,11.65091461,2453,0.3243850833,830.1119168,814,0.331838565,21.01276296,3980,0.5263157895,555.8738755,1659,0.4168341709,11.27242165,3578,0.4731552499,974.3548469,1581,0.4418669648,17.03779347,7512,1355,1415.480705,3132,0.4169329073,14.16535303,10779,4031,5011,1314,0.1749201278,5065,0.6742545261,599.4430735,2354,0.4647581441,11.66062696,2447,0.3257454739,996.2123204,778,0.3179403351,21.92880442,3890,0.5178381257,421.9444407,1599,0.4110539846,11.28126501,3618,0.481629393,530.5219515,1529,0.4226091763,17.34441776
107,2020,UAB,Conference USA,7241,1265,1439.528448,3144,0.4341941721,12360,4564,5518,1170.5,0.1616489435,5002,0.6907885651,656.8565983,2395,0.4788084766,11.27712562,2239,0.3092114349,782.6718495,749,0.3345243412,21.45303042,3962,0.5471619942,730.829651,1786,0.4507824331,11.03337972,3276,0.4524236984,714.3658887,1355,0.4136141636,17.24473002,7011,1271,1258.448628,2983,0.4254742547,13.22585416,10729,3739,4708,1148,0.1637426901,4759,0.6787904721,601.1475964,2265,0.4759403236,11.06693404,2252,0.3212095279,802.8273943,718,0.3188277087,19.96486119,3653,0.5210383683,459.5774574,1573,0.4306049822,10.46532079,3356,0.4786763657,266.9319686,1408,0.4195470799,16.32198865
108,2020,UCF,American Athletic,6484,1184,1231.83192,2748,0.4238124614,9923,3913,5051,1158,0.1785934608,4366,0.6733497841,543.4923513,2061,0.4720568026,10.41102373,2118,0.3266502159,688.3395685,687,0.3243626062,19.10874805,3445,0.5313078347,500.3181375,1444,0.4191582003,10.41155324,3036,0.468229488,737.2090579,1301,0.4285243742,15.23113819,6602,1183,1255.573581,2754,0.4171463193,12.76644402,10294,3881,4514,1123,0.1700999697,4432,0.6713117237,469.3844212,2068,0.4666064982,10.18392059,2170,0.3286882763,782.6989689,686,0.3161290323,20.66282897,3557,0.5387761284,474.8829325,1489,0.4186111892,10.38927461,3044,0.4610724023,462.2050517,1264,0.4152431012,15.73975826
109,2020,UCLA,Pac-12,5101,908,1011.357715,2252,0.4414820623,7046,2605,3378,796,0.1560478338,3515,0.6890805724,400.7269521,1704,0.4847795164,11.7238134,1586,0.3109194276,610.6307625,548,0.3455233291,22.85178707,2451,0.4804940208,337.1089734,1096,0.4471644227,11.63575566,2650,0.5195059792,674.2487412,1156,0.4362264151,17.15325587,4946,899,1033.721768,2193,0.4433885968,14.61337765,7591,3068,4326,837.5,0.1693287505,3428,0.6930853215,504.0317754,1696,0.4947491249,12.36316856,1518,0.3069146785,572.2274306,497,0.3274044796,22.30674664,2553,0.5161746866,463.1393679,1175,0.4602428515,12.61529548,2392,0.4836231298,345.8773671,1017,0.4251672241,17.11176411
110,2020,UMass,FBS Independents,5358,901,1262.736248,2434,0.4542739828,9026,3468,3985,888,0.1657334826,3761,0.7019410228,603.3830195,1876,0.4988035097,8.144957723,1597,0.2980589772,659.3532281,558,0.3494051346,15.18682138,3068,0.5726017171,571.6376856,1414,0.4608865711,7.949969908,2287,0.4268383725,701.4501609,1017,0.4446873634,12.17781028,4992,918,865.3331234,2166,0.4338942308,9.587098948,7353,2988,3333,878.5,0.1759815705,3398,0.6806891026,368.7896891,1657,0.4876397881,8.047617115,1594,0.3193108974,532.3921786,509,0.3193224592,14.76319903,2526,0.5060096154,336.6279004,1111,0.4398258116,8.013547154,2464,0.4935897436,222.2544759,1053,0.4273538961,11.27919096
111,2020,UNLV,Mountain West,5860,1041,1200.9778,2533,0.4322525597,9142,3516,5186,885.5,0.151109215,4083,0.6967576792,585.7969308,1968,0.4819985305,11.58152423,1777,0.3032423208,615.1808687,565,0.3179516038,21.44676937,3078,0.5252559727,546.9904895,1351,0.4389213775,11.98473734,2781,0.4745733788,656.0689479,1181,0.4246673858,16.14636833,5805,1034,977.5474308,2432,0.4189491817,13.46754048,8407,3197,3791,980,0.1688199828,3946,0.6797588286,365.5779733,1840,0.4662949823,11.09903097,1859,0.3202411714,565.9280075,592,0.31845078,20.97302413,2919,0.5028423773,416.9623818,1256,0.430284344,11.45645976,2883,0.4966408269,263.6468839,1173,0.406867846,15.82508738
112,2020,USC,Pac-12,5531,963,1292.468694,2540,0.4592297957,8464,3470,4722,812,0.1468088953,3874,0.700415838,654.8250478,1972,0.5090345896,12.04340629,1657,0.299584162,637.6436459,568,0.3427881714,21.93719661,2840,0.5134695353,525.3747411,1311,0.4616197183,12.41749607,2690,0.4863496655,768.7389828,1228,0.4565055762,16.54867346,5380,972,978.2533571,2311,0.4295539033,14.67079491,7638,2985,3815,900,0.1672862454,3651,0.6786245353,385.8554678,1742,0.4771295535,12.23864937,1729,0.3213754647,644.3251475,569,0.3290919607,22.37086313,2657,0.493866171,342.2761296,1164,0.4380880693,12.27554309,2721,0.5057620818,407.1731189,1145,0.420801176,17.36474532
113,2020,Utah,Pac-12,4953,872,1168.962551,2290,0.4623460529,7527,3056,4158,788,0.1590954977,3472,0.7009892994,647.9911084,1792,0.5161290323,11.1923616,1481,0.2990107006,520.9714429,498,0.3362592843,20.51499142,2557,0.5162527761,450.7971528,1186,0.4638247947,11.25180283,2395,0.4835453261,719.8104287,1103,0.4605427975,15.53811686,4971,882,901.0300116,2143,0.4311003822,13.4079771,7177,2796,3595,805.5,0.162039831,3422,0.6883926775,357.7501165,1637,0.4783752192,11.05484312,1549,0.3116073225,557.2740606,506,0.3266623628,20.8736236,2508,0.5045262523,345.4009812,1106,0.4409888357,11.54401198,2462,0.495272581,242.2578332,1036,0.4207961007,15.64357215
114,2020,Utah State,Mountain West,4619,826,1003.249008,2036,0.4407880494,7250,2815,3405,713.5,0.1544706646,3193,0.6912751678,493.6729868,1570,0.4917005951,10.27682296,1426,0.3087248322,509.5760209,466,0.3267882188,18.82288029,2411,0.5219744533,442.7986972,1091,0.4525093322,10.46236429,2208,0.4780255467,560.4503104,945,0.4279891304,14.61376346,4636,833,847.2136961,1930,0.4163071613,12.62447436,7064,2492,2915,731,0.1576790336,3137,0.6766609146,353.0349549,1464,0.4666879184,10.29876648,1499,0.3233390854,535.5669611,466,0.3108739159,20.01489086,2412,0.5202761001,311.646735,1018,0.4220563847,10.18464967,2224,0.4797238999,248.0244496,912,0.4100719424,15.28970026
115,2020,UTEP,Conference USA,5310,944,918.8183015,2240,0.4218455744,8506,3022,3757,859.5,0.1618644068,3640,0.6854990584,404.9347892,1697,0.4662087912,9.14590994,1670,0.3145009416,513.8835123,543,0.3251497006,17.30363066,2851,0.5369114878,391.5770415,1233,0.4324798316,8.743508362,2458,0.4629001883,528.8575503,1006,0.409275834,13.99695117,5230,947,1048.909339,2227,0.4258126195,11.24554574,8591,3077,4390,827,0.158126195,3581,0.6847036329,527.4510866,1707,0.4766824909,9.430311976,1649,0.3152963671,565.8399833,520,0.3153426319,17.22207193,2801,0.5355640535,484.6856463,1221,0.4359157444,9.400684624,2428,0.4642447419,254.7156455,1005,0.4139209226,13.47005518
116,2020,UT San Antonio,Conference USA,6716,1184,1096.678081,2790,0.4154258487,9916,3578,3995,1118.5,0.1665425849,4519,0.6728707564,345.1958267,2072,0.4585085196,10.91559382,2197,0.3271292436,751.4822546,718,0.3268092854,21.34001095,3451,0.5138475283,368.8571119,1465,0.4245146334,10.68262515,3263,0.4858546754,731.120659,1323,0.4054551027,17.03276544,6793,1187,1536.094715,2994,0.4407478286,13.7634746,11546,4222,5710,1026,0.1510378331,4708,0.6930663919,816.899832,2304,0.4893797791,11.51389948,2085,0.3069336081,805.4147753,690,0.3309352518,21.21898539,3686,0.5426174003,730.6799393,1659,0.450081389,11.45240598,3107,0.4573825997,253.2656018,1335,0.4296749276,16.61179187
117,2020,Vanderbilt,SEC,6372,1103,1225.258695,2869,0.4502510986,9068,3301,3567,1058,0.1660389203,4505,0.7069993723,535.0186351,2238,0.4967813541,9.482878587,1867,0.2930006277,690.2400596,631,0.3379753615,19.3471593,3036,0.4764595104,475.0849747,1382,0.4552042161,9.411834227,3335,0.523383553,752.5161738,1486,0.4455772114,13.97289614,6486,1084,1472.942811,3024,0.4662349676,11.6538652,9881,3666,3561,987,0.152173913,4599,0.7090656799,729.7441905,2353,0.5116329637,9.707492566,1887,0.2909343201,924.6963907,671,0.355590885,18.31920131,3266,0.5035460993,552.9288072,1564,0.4788732394,9.008320331,3218,0.4961455442,394.5341187,1458,0.453076445,14.65001834
118,2020,Virginia,ACC,8171,1451,1996.571551,3655,0.4473136703,12659,5420,7569,1395,0.1707257374,5593,0.684493942,968.4260904,2772,0.4956195244,11.81451575,2578,0.315506058,1028.14546,883,0.3425135764,21.76748809,4336,0.5306572023,835.745556,1954,0.4506457565,11.9524437,3832,0.4689756456,1171.205776,1698,0.4431106472,17.11737205,8087,1459,1565.125363,3449,0.4264869544,13.8712981,11987,4871,5852,1427,0.1764560406,5466,0.6758995919,666.0004593,2611,0.4776802049,11.44240064,2621,0.3241004081,938.5260906,838,0.3197252957,21.24959183,4068,0.5030295536,635.2119441,1796,0.4414945919,11.14260421,4017,0.4967231359,545.8092684,1651,0.4110032362,16.93030402
119,2020,Virginia Tech,ACC,8185,1458,1529.746549,3507,0.4284667074,11299,4552,5802,1471,0.1797189982,5523,0.6747709224,569.8526824,2622,0.474741988,11.02564674,2662,0.3252290776,959.8938667,885,0.3324567994,21.09363793,3994,0.4879657911,533.9782498,1727,0.4323985979,11.01338151,4187,0.5115455101,1007.796786,1776,0.4241700502,16.10406248,8100,1472,1548.629851,3434,0.4239506173,13.86934284,11791,4671,6174,1435.5,0.1772222222,5494,0.6782716049,598.9811681,2585,0.4705132872,11.29718001,2606,0.3217283951,940.8832459,849,0.3257866462,21.64494262,4102,0.5064197531,618.6280164,1784,0.4349098001,11.11495266,3995,0.4932098765,492.8418017,1647,0.4122653317,16.89836169
120,2020,Wake Forest,ACC,7527,1354,1570.884355,3281,0.4358974359,11587,4600,5875,1289,0.1712501661,5168,0.6865949249,683.0353598,2498,0.4833591331,10.16354052,2359,0.3134050751,887.8489955,783,0.3319203052,19.85092034,3947,0.5243789026,718.4045533,1770,0.4484418546,10.35219996,3577,0.4752225322,858.2480679,1508,0.4215823316,15.03560931,7414,1356,1359.371356,3121,0.4209603453,12.75817713,10976,4439,5792,1308,0.1764229835,4999,0.6742649042,476.6783708,2345,0.4690938188,10.29145708,2415,0.3257350958,875.0018124,776,0.3213250518,20.16890178,3858,0.5203668735,494.2775024,1617,0.4191290824,10.38063282,3551,0.4789587267,343.7794754,1499,0.42213461,15.4063127
121,2020,Washington,Pac-12,4668,828,1023.016313,2088,0.4473007712,6838,2705,3476,755,0.161739503,3217,0.6891602399,516.4092821,1609,0.5001554243,11.12905941,1451,0.3108397601,506.6070308,479,0.3301171606,20.5230655,2294,0.4914310197,372.178661,1053,0.4590235397,10.96337943,2372,0.5081405313,654.1975318,1033,0.4354974705,15.77822148,4796,841,1090.239267,2160,0.4503753128,13.61170636,7213,2758,3827,726,0.1513761468,3374,0.7035029191,506.268744,1668,0.4943687018,11.22107218,1422,0.2964970809,706.8495178,492,0.3459915612,21.65581311,2484,0.5179316097,386.6888021,1129,0.4545088567,11.25486264,2310,0.4816513761,404.7232452,1029,0.4454545455,16.37615744
122,2020,Washington State,Pac-12,4420,775,1046.618246,2041,0.4617647059,6603,2629,3445,665,0.1504524887,3115,0.7047511312,576.4783639,1599,0.5133226324,11.12840464,1305,0.2952488688,470.1398821,442,0.338697318,20.34282709,2191,0.4957013575,417.098749,1033,0.4714742127,10.96120359,2229,0.5042986425,629.519497,1008,0.4522207268,15.45189687,4519,777,923.8338365,2034,0.4500995796,12.72864885,7147,2696,3357,670.5,0.148373534,3192,0.7063509626,477.4929732,1602,0.5018796992,10.93799397,1327,0.2936490374,573.3741647,432,0.3255463451,19.77454118,2372,0.5248948882,354.18634,1084,0.4569983137,10.70217523,2145,0.474662536,399.4765956,948,0.441958042,15.23972147
123,2020,Western Kentucky,Conference USA,5481,963,763.7639392,2223,0.4055829228,9267,3076,3747,889.5,0.1622879037,3746,0.6834519248,360.0291536,1695,0.4524826482,10.29740398,1735,0.3165480752,403.7347856,528,0.3043227666,17.62176694,3161,0.5767195767,375.6697298,1291,0.4084150585,9.88050089,2318,0.4229155264,396.4009569,930,0.4012079379,14.83886964,5308,969,752.4570388,2232,0.4204973625,11.57526327,8071,2894,3767,904,0.1703089676,3619,0.681801055,239.7779333,1678,0.4636639956,9.399721276,1689,0.318198945,474.7007633,554,0.3280047365,18.24551918,2776,0.5229841748,286.3004809,1155,0.4160662824,9.691993766,2528,0.4762622457,269.0045378,1073,0.4244462025,13.71760309
124,2020,Western Michigan,Mid-American,5124,918,1071.123524,2269,0.4428181109,7448,2936,3640,843.5,0.1646174863,3545,0.6918423107,447.7081043,1726,0.4868829337,11.31960961,1579,0.3081576893,623.41542,543,0.343888537,21.08788354,2611,0.5095628415,364.9541962,1133,0.4339333589,11.38980324,2510,0.4898516784,716.2673104,1133,0.4513944223,15.75471346,5034,915,980.975185,2189,0.4348430671,13.75065285,7720,2904,3194,834,0.1656734207,3469,0.6891140246,429.9331239,1680,0.4842894206,11.3801017,1565,0.3108859754,608.5921338,509,0.3252396166,21.35307537,2614,0.519268971,375.7781436,1142,0.4368783474,11.15699518,2418,0.4803337306,271.7369724,1045,0.4321753515,16.68915403
125,2020,West Virginia,Big 12,7426,1420,1372.583786,3150,0.4241852949,10844,4422,6208,1301,0.1751952599,5094,0.6859682198,696.9983029,2449,0.4807616804,11.48179471,2332,0.3140317802,675.5854827,701,0.3006003431,21.44643409,3849,0.5183140318,562.2635914,1650,0.4286827747,11.93458379,3571,0.4808779962,821.6381047,1494,0.4183702044,15.96833814,7607,1417,1308.876872,3159,0.4152754042,13.64573214,10578,4141,5504,1366,0.1795714474,5164,0.6788484291,628.6130462,2418,0.4682416731,11.48999246,2443,0.3211515709,822.2193666,741,0.3033155956,20.58894789,3764,0.4948074142,495.9140233,1564,0.4155154091,11.60638787,3838,0.5045352964,467.1105989,1590,0.4142782699,15.8175424
126,2020,Wisconsin,Big Ten,6953,1181,1289.803015,3012,0.4331943046,11347,4188,5064,1063,0.1528836473,4821,0.6933697684,601.9560528,2324,0.4820576644,11.76222812,2132,0.3066302316,687.846962,688,0.3227016886,22.37024818,3930,0.5652236445,545.9580954,1709,0.4348600509,11.66187064,3021,0.4344887099,747.1225344,1301,0.430652102,17.38802748,6741,1197,1119.775267,2913,0.4321317312,13.93031017,10024,3871,4484,1111.5,0.1648865154,4641,0.6884735202,515.6320149,2263,0.4876104288,11.55138694,2100,0.3115264798,725.0292326,650,0.3095238095,22.29442762,3519,0.5220293725,411.6635051,1526,0.4336459221,11.45649204,3218,0.4773772437,392.8126162,1383,0.4297700435,16.89230623
127,2020,Wyoming,Mountain West,4533,806,783.3567268,1939,0.4277520406,6789,2493,2825,717.5,0.1582836973,3122,0.6887271123,304.9935562,1489,0.4769378603,9.936351943,1411,0.3112728877,478.3631705,450,0.3189227498,19.37724702,2332,0.5144495919,311.4763089,1019,0.4369639794,9.972962308,2200,0.4853298037,473.6692828,919,0.4177272727,14.66880936,4522,803,906.4979913,1955,0.4323308271,12.46626725,6890,2587,3321,746.5,0.1650818222,3109,0.6875276426,373.7502585,1498,0.481826954,10.16257797,1413,0.3124723574,559.0626629,457,0.3234253362,19.83023417,2376,0.5254312251,351.1231939,1029,0.4330808081,10.30991457,2144,0.4741264927,263.0397788,924,0.4309701493,14.93405383