Team,TAN.CONF,TAN.WIN,SP.WIN,X2021.Off.TARP.Percentage,X2020.Off.Success.Rate.Rank,X2020.Off.Finishing.Drives,X2020.Off.Havoc,X2021.Def.TARP.Percentage,X2020.Def.Success.Rate.Rank,X2020.Def.Finishing.Drives,X2020.Def.Havoc,DK.Opener.Win.Totals,TAN,SP.Ratings,off_overall_EPA,off_passing_EPA,off_rushing_EPA,off_first_down_EPA,off_second_down_EPA,off_third_down_EPA,off_cumulative_total_EPA,off_cumulative_passing_EPA,off_cumulative_rushing_EPA,def_overall_EPA,def_passing_EPA,def_rushing_EPA,def_first_down_EPA,def_second_down_EPA,def_third_down_EPA,def_cumulative_total_EPA,def_cumulative_passing_EPA,def_cumulative_rushing_EPA,off_plays,off_drives,off_ppa,off_total_ppa,off_success_rate,off_explosiveness,off_power_success,off_stuff_rate,off_line_yds,off_line_yds_total,off_second_lvl_yds,off_second_lvl_yds_total,off_open_field_yds,off_open_field_yds_total,off_pts_per_opp,off_field_pos_avg_start,off_field_pos_avg_predicted_points,off_havoc_total,off_havoc_front_seven,off_havoc_db,off_standard_downs_rate,off_standard_downs_ppa,off_standard_downs_success_rate,off_standard_downs_explosiveness,off_passing_downs_rate,off_passing_downs_ppa,off_passing_downs_success_rate,off_passing_downs_explosiveness,off_rushing_plays_rate,off_rushing_plays_ppa,off_rushing_plays_total_ppa,off_rushing_plays_success_rate,off_rushing_plays_explosiveness,off_passing_plays_rate,off_passing_plays_ppa,off_passing_plays_total_ppa,off_passing_plays_success_rate,off_passing_plays_explosiveness,def_plays,def_drives,def_ppa,def_total_ppa,def_success_rate,def_explosiveness,def_power_success,def_stuff_rate,def_line_yds,def_line_yds_total,def_second_lvl_yds,def_second_lvl_yds_total,def_open_field_yds,def_open_field_yds_total,def_pts_per_opp,def_field_pos_avg_start,def_field_pos_avg_predicted_points,def_havoc_total,def_havoc_front_seven,def_havoc_db,def_standard_downs_rate,def_standard_downs_ppa,def_standard_downs_success_rate,def_standard_downs_explosiveness,def_passing_downs_rate,def_passing_downs_ppa,def_passing_downs_total_ppa,def_passing_downs_success_rate,def_passing_downs_explosiveness,def_rushing_plays_rate,def_rushing_plays_ppa,def_rushing_plays_total_ppa,def_rushing_plays_success_rate,def_rushing_plays_explosiveness,def_passing_plays_rate,def_passing_plays_ppa,def_passing_plays_success_rate,def_passing_plays_explosiveness
Air Force,37.42,65.74,63.83,0.08,1082,936,870,0.09,549,632,757,63,772.7,-78.9,1.4,1.36,1.35,-0.2,1.13,4.38,757.26,322.06,439.2,1.87,2.5,1.33,0.18,1.73,5.27,890.9,549.35,347.56,"5,468.00",979,1.4,757.26,4.3,13.62,7.84,2.31,30.89,9303,11.35,3295,14.65,4249,36.48,768.1,15.5,1.87,1.34,0.54,7.36,0.8,4.91,11.28,3.64,2.6,3.07,21.15,6.34,1.35,439.2,4.54,11.57,4.66,1.36,322.06,3.91,17.15,5449,990,1.87,890.9,4.58,13.46,7.3,2.36,31.09,8168,11.75,3085,15.58,4121,38.08,769,-15.62,1.81,1.29,0.52,7.46,1.03,5.13,10.96,3.54,3.63,549.35,3.39,21.58,5.79,1.33,347.56,4.52,11.51,5.2,2.5,4.63,15.74
Akron,50.59,72.81,69.28,0.08,545,578,457,0.08,706,784,619,68.5,795.7,-36.8,2.81,3.72,2.04,1.78,1.97,6.42,"1,168.10",669.73,501.32,2.25,2.75,1.64,0.91,2.13,5.34,940.44,566.4,374.05,"4,597.00",802,2.81,"1,168.10",4.98,14.02,7.96,1.83,34.94,8187,13.69,3180,15.63,3717,41.55,760.3,16.15,1.77,1.11,0.66,7.66,2.04,5.53,11.5,3.34,4.75,3.73,22.78,6.2,2.04,501.32,4.95,11.05,4.8,3.72,669.73,5.01,17.66,4547,809,2.25,940.44,4.81,13.67,7.73,2.03,32.97,7148,12.42,2725,14.85,3117,42.41,781,-14.6,1.96,1.27,0.69,7.6,1.56,5.3,11.65,3.4,3.75,566.4,3.69,20.22,5.82,1.64,374.05,4.72,11.15,5.18,2.75,4.84,16.48
Alabama,43.49,75.11,79.25,0.07,471,609,240,0.08,870,721,457,75.5,875.9,90.7,2.1,2.73,1.48,0.86,2.06,4.75,"1,561.43","1,035.99",529.39,2.16,2.7,1.63,1.08,1.71,5,"1,595.95",996.61,604.03,"7,341.00",1265,2.1,"1,561.43",4.54,11.77,7.23,1.83,30.39,10502,11.26,3912,10.65,3816,36.78,722.3,12.39,1.61,0.97,0.64,6.97,1.42,4.96,9.86,3.03,3.69,3.55,18.03,4.74,1.48,529.39,4.54,9.27,5.25,2.73,"1,035.99",4.55,14.14,7400,1255,2.16,"1,595.95",4.61,11.73,7.22,1.87,30.21,11061,11.44,4191,12.17,4450,37.8,720,-12.55,1.62,1,0.62,7.06,1.46,5.07,9.69,2.94,3.86,996.61,3.52,18.79,4.93,1.63,604.03,4.69,9.15,5.06,2.7,4.54,14.35
Appalachian State,48.64,74.23,70.92,0.09,684,626,434,0.09,719,658,474,66.5,808.2,-9.8,2.11,2.78,1.35,0.33,2.03,5.71,"1,603.30","1,005.66",603.44,1.95,2.54,1.44,0.3,1.79,5.34,"1,423.85",864.1,564.8,"8,130.00",1444,2.11,"1,603.30",4.76,13.38,7.61,2.11,32.29,12774,11.7,4617,13.35,5407,41.37,777.2,15.07,1.85,1.13,0.72,7.6,1.43,5.24,11.24,3.4,3.59,3.68,20.14,5.76,1.35,603.44,4.69,10.64,5.24,2.78,"1,005.66",4.78,16.25,8124,1442,1.95,"1,423.85",4.76,13.32,7.33,2.15,31.61,12170,11.87,4567,13.99,5318,39.08,771,-15.39,1.84,1.18,0.66,7.58,1.32,5.3,11.3,3.42,3.34,864.1,3.57,19.95,5.73,1.44,564.8,4.7,11.14,5.27,2.54,4.8,15.73
Arizona,52.7,81.63,85,0.08,522,576,726,0.08,714,618,595,80.5,929.5,138,2.37,3.11,1.68,0.74,2.14,6.57,"1,052.65",675.53,378.76,1.78,2.26,1.27,0.67,0.99,5.48,660.97,453,209.62,"4,574.00",819,2.37,"1,052.65",4.96,13.26,7.35,2.38,31.19,6930,12.88,2860,18.22,4053,41.9,767.2,15.72,1.75,1.14,0.61,7.67,1.71,5.49,11.23,3.33,3.91,3.74,20.27,5.8,1.68,378.76,4.98,11.27,5.2,3.11,675.53,4.89,15.72,4587,828,1.78,660.97,4.72,12.9,7.46,2.35,31.36,6156,12.49,2347,14.8,2679,38.88,781,-14.49,1.91,1.2,0.71,7.49,1.14,5.3,10.9,3.51,3.1,453,3.43,19.43,5.24,1.27,209.62,4.77,11.19,5.76,2.26,4.67,14.63
Arizona State,37.15,61.77,65.1,0.08,502,685,613,0.08,879,754,846,62.5,865.1,74.5,2.31,2.83,1.84,0.76,1.87,6.22,"1,088.82",669.75,420.72,2.48,3.04,1.94,0.93,2.34,6.58,964.49,572.18,392.3,"4,752.00",821,2.31,"1,088.82",4.98,13.03,7.68,2.28,32.25,6998,13.06,2849,16.07,3555,40.1,777.4,14.91,1.73,1.06,0.67,7.62,1.56,5.47,11.02,3.38,4.03,3.87,19.32,5.42,1.84,420.72,5.02,11.29,5.58,2.83,669.75,4.92,14.83,4589,822,2.48,964.49,4.93,13.49,7.71,2.14,33.3,7081,13.55,2781,18.4,3739,40.81,781,-14.71,1.72,1.1,0.61,7.63,1.77,5.47,11.35,3.37,4.1,572.18,3.68,20.74,5.59,1.94,392.3,5.05,11.43,5.41,3.04,4.77,15.88
Arkansas,51.57,83.03,85.67,0.07,507,634,339,0.08,708,573,477,85,925.5,135.7,2.45,3.29,1.62,0.96,2.59,5.78,"1,804.01","1,136.79",667.22,1.9,2.46,1.3,0.62,1.99,4.52,"1,323.43",893.47,445.42,"7,846.00",1357,2.45,"1,804.01",5.04,13.01,8.02,1.93,33.66,12285,12.06,4458,12.53,4939,41.63,773.7,15.04,1.64,0.99,0.65,7.85,1.65,5.51,10.76,3.15,4.44,3.87,21.06,5.59,1.62,667.22,5.13,10,5.41,3.29,"1,136.79",4.98,16.25,7654,1357,1.9,"1,323.43",4.79,12.87,7.56,2.18,31.61,10359,11.7,3877,11.45,3781,38.28,786,-14.1,1.9,1.13,0.77,7.6,1.19,5.29,10.71,3.4,3.5,893.47,3.67,19.89,5.23,1.3,445.42,4.79,10.18,5.76,2.46,4.77,15.46
Arkansas State,48.18,72.42,74.67,0.08,661,640,534,0.09,727,673,507,72.5,813.3,12.5,2.14,2.87,1.47,0.18,1.96,6.45,"1,520.57",874.93,651.63,1.92,2.26,1.66,0.26,1.55,5.61,"1,391.76",762.46,636.78,"7,806.00",1381,2.14,"1,520.57",4.79,13.25,7.61,2.14,32.18,12797,12.18,4822,14.17,5855,41.2,770.7,15.44,1.76,1.1,0.66,7.59,1.29,5.26,10.96,3.41,4.05,3.77,20.34,6.01,1.47,651.63,4.78,10.86,4.99,2.87,874.93,4.78,16.11,7949,1377,1.92,"1,391.76",4.78,12.94,7.44,2.04,33.3,12492,12.3,4616,12.85,4897,39.69,780,-14.82,1.8,1.12,0.68,7.58,1.26,5.3,10.84,3.42,3.34,762.46,3.6,19.69,5.75,1.66,636.78,4.86,10.94,5.25,2.26,4.67,15.37
Army,32.49,57.58,57.06,0.07,587,552,346,0.07,534,483,346,56.5,644.3,-21.6,1.55,2.25,1.03,0.11,0.96,5.05,883.52,478.6,406.96,1.46,2.02,0.85,0.09,1.86,3.99,710.88,458.48,252.4,"4,684.00",818,1.55,883.52,3.8,11.01,6.27,1.75,26.44,7960,9.69,2960,9.85,3223,30.94,631.3,12.58,1.6,1.04,0.57,6.2,0.8,4.21,8.88,2.8,3.2,2.88,17.87,5.12,1.03,406.96,3.8,8.89,3.88,2.25,478.6,3.79,13.77,4551,827,1.46,710.88,3.87,10.89,6,1.86,25.45,6580,9.84,2584,12.29,3152,31.27,642,-11.73,1.68,1.05,0.63,6.12,0.81,4.25,9.14,2.88,2.84,458.48,3.04,16.06,4.62,0.85,252.4,3.81,8.64,4.38,2.02,3.91,13.08
Auburn,46.19,76.59,78.83,0.07,555,623,538,0.08,822,708,554,79.5,903.9,116.7,2.26,2.81,1.77,0.63,2.06,5.82,"1,675.50","1,046.34",631.5,2.26,2.84,1.67,0.8,2.16,5.41,"1,442.67",911.83,537.87,"7,651.00",1331,2.26,"1,675.50",4.96,12.98,7.84,2.06,33.28,11424,12.24,4184,12.92,4451,41.78,780.1,14.57,1.79,1.09,0.7,7.75,1.37,5.34,10.88,3.25,4.42,4.02,19.96,5.44,1.77,631.5,5.01,10.66,5.56,2.81,"1,046.34",4.94,15.47,7468,1328,2.26,"1,442.67",4.92,13.2,7.99,2.01,33.04,10769,12.11,3932,13.61,4363,40.51,778,-14.78,1.79,1.08,0.7,7.67,1.5,5.44,10.91,3.33,4.06,911.83,3.71,21.12,5.36,1.67,537.87,4.94,10.46,5.63,2.84,4.86,15.95
Ball State,44.58,74.74,70.68,0.09,699,655,640,0.09,607,706,618,72,797.6,-48.6,2.3,2.89,1.71,0.82,1.94,5.51,"1,041.65",524.29,520.76,2.01,2.99,1.17,0.6,1.73,5.24,810.82,542.13,274,"4,938.00",871,2.3,"1,041.65",4.75,13.7,7.77,2.08,32.89,8987,12.26,3233,14.62,3983,41.43,764.8,15.81,1.87,1.23,0.64,7.62,1.56,5.26,11.49,3.38,4,3.57,21.46,6.33,1.71,520.76,4.72,11.59,4.66,2.89,524.29,4.65,16.66,4680,875,2.01,810.82,4.71,13.59,7.64,2.12,31.61,7168,11.69,2673,13.12,3021,40.54,770,-15.52,1.9,1.24,0.66,7.53,1.05,5.22,11,3.47,4,542.13,3.54,21.75,5.86,1.17,274,4.6,10.88,5.13,2.99,4.81,16.63
Baylor,44.57,72.55,73.19,0.08,720,683,766,0.08,515,583,524,71.5,900.5,89.4,2.17,2.75,1.65,0.62,2.65,4.91,"1,643.43","1,030.23",622.46,1.71,2.42,1.03,0.08,1.88,4.58,"1,282.50",894.6,395.35,"8,093.00",1515,2.17,"1,643.43",4.73,13.66,7.53,2.39,31.1,11590,12.49,4659,17.35,6483,41.2,769.3,15.55,1.92,1.24,0.68,7.53,1.51,5.26,11.55,3.47,3.6,3.55,20.46,5.56,1.65,622.46,4.7,11.87,5.43,2.75,"1,030.23",4.76,15.62,8135,1507,1.71,"1,282.50",4.5,13.37,7.62,2.38,30.03,11231,11.18,4163,14.37,5300,37.94,777,-14.89,1.92,1.2,0.72,7.45,1.09,5.07,11.09,3.55,3.02,894.6,3.28,20.77,5.51,1.03,395.35,4.4,11.12,5.48,2.42,4.57,15.64
Boise State,46.34,79.02,75.52,0.09,897,872,693,0.09,568,659,734,73,879.3,-54,2.3,2.9,1.75,0.45,2.43,6.23,"1,395.10",856.65,542.21,1.95,2.84,1.14,0.04,2.03,5.48,"1,004.98",716.89,291.1,"6,532.00",1155,2.3,"1,395.10",5.06,15.15,8.39,2.49,34.34,10137,12.94,3829,17.22,5063,42.46,836.9,17.11,1.86,1.26,0.6,8.23,1.42,5.65,12.48,3.77,4.24,3.78,23.78,6.56,1.75,542.21,5.11,12.61,5.44,2.9,856.65,4.95,18.39,6330,1148,1.95,"1,004.98",4.97,14.62,8.26,2.44,33.49,9045,12.22,3306,14.78,3927,41.67,852,-15.93,1.99,1.39,0.6,8.14,0.92,5.5,11.94,3.86,4.16,716.89,3.84,22.87,6.16,1.14,291.1,4.96,11.94,5.83,2.84,4.98,17.59
Boston College,35.78,65.54,63.5,0.08,790,746,734,0.08,845,823,565,61.5,838.7,25.4,1.75,2.23,1.25,0.07,1.63,5.12,"1,329.76",821.17,514.54,2.53,3.15,2,0.71,2.61,6.22,"1,620.43",972.73,653.78,"7,253.00",1335,1.75,"1,329.76",4.53,13.6,7.44,2.3,30.95,10488,12.48,4320,14.57,5226,36.77,785.6,14.17,1.97,1.33,0.64,7.36,0.86,5.07,11.07,3.64,3.47,3.41,21.19,5.56,1.25,514.54,4.57,11.12,5.43,2.23,821.17,4.46,16.11,7493,1330,2.53,"1,620.43",4.9,13.96,8.24,2.25,32.7,11605,13.76,4833,17,5821,41.93,770,-15.42,1.89,1.27,0.62,7.54,1.65,5.43,11.43,3.46,4.43,972.73,3.75,21.93,5.86,2,653.78,5.01,11.43,5.13,3.15,4.77,17.16
Bowling Green,43.88,67.17,61.17,0.09,669,668,676,0.08,895,782,906,62.5,768.5,-74.1,2.38,3.06,1.76,0.99,1.33,6.35,942.68,551.39,394.69,2.51,3.1,2,1.4,2.55,4.98,"1,044.16",597.54,448.23,"4,628.00",808,2.38,942.68,4.79,13.94,7.97,2.1,32.8,7373,12.93,2862,14.46,3191,41.9,771.1,15.38,1.89,1.24,0.65,7.54,1.49,5.27,11.5,3.46,4.38,3.74,21.61,5.97,1.76,394.69,4.67,11.64,5.02,3.06,551.39,4.91,16.48,4519,802,2.51,"1,044.16",5.02,13.37,7.92,1.89,33.91,7597,12.77,2873,15.88,3468,41.64,771,-15.4,1.68,1.02,0.66,7.73,1.97,5.55,11.46,3.27,3.66,597.54,3.67,20.23,6.05,2,448.23,4.95,11.16,4.95,3.1,5.08,15.94
Buffalo,42.16,60.31,61.02,0.08,550,621,525,0.09,757,801,647,57.5,735.8,-79.9,2.18,2.77,1.78,1.18,1.29,5.45,917.9,496.51,423.18,2.29,2.68,1.9,0.71,2.63,5.24,879.69,445.24,436.06,"3,988.00",697,2.18,917.9,4.47,12.31,7.26,1.8,31.31,7128,12.51,2816,12.96,2870,36.6,695.2,14.43,1.72,1.12,0.6,7,1.53,4.98,10.24,3,3.93,3.29,20.05,5.63,1.78,423.18,4.48,10.38,4.36,2.77,496.51,4.43,14.98,3940,694,2.29,879.69,4.46,12.72,7.04,1.87,30.44,6521,11.96,2629,16.04,3455,39.55,693,-14.49,1.72,1.14,0.59,6.95,1.48,4.85,10.78,3.05,4.09,445.24,3.55,18.82,5.52,1.9,436.06,4.39,10.89,4.48,2.68,4.51,14.91
BYU,42.76,67.43,67.6,0.08,728,781,777,0.09,703,775,676,66,857.5,45.3,1.64,1.64,1.47,0.17,1.61,4.79,766.93,380.21,388.45,2.26,3.04,1.59,0.72,1.66,6.09,"1,021.84",656.8,370.57,"5,218.00",954,1.64,766.93,4.67,13.02,7.83,2.31,31.26,7802,12.42,2975,15.94,3758,37.77,771,15.42,1.88,1.22,0.66,7.53,1.24,5.31,11.17,3.47,2.47,3.27,19.52,5.49,1.47,388.45,4.79,11.15,5.51,1.64,380.21,4.48,15.03,5309,966,2.26,"1,021.84",4.76,13.53,7.72,2.35,31.13,7679,12.94,3110,16.48,3942,41.07,774,-15.23,1.83,1.19,0.64,7.47,1.59,5.34,11.55,3.53,3.77,656.8,3.51,20.15,5.62,1.59,370.57,4.75,11.42,5.37,3.04,4.76,15.86
California,46.54,70.72,72.66,0.09,502,696,631,0.09,859,771,837,69.5,907.2,105.8,2.39,2.94,1.81,0.92,1.86,6.29,"1,072.08",660.57,416.91,2.38,3.02,1.8,0.81,2.12,6.14,978.8,600.98,377.82,"4,891.00",870,2.39,"1,072.08",4.97,13.15,7.58,2.33,31.93,7056,12.85,2849,16.75,3855,39.46,778.7,14.85,1.75,1.09,0.65,7.69,1.67,5.48,11.13,3.31,4.08,3.77,19.94,5.4,1.81,416.91,5.03,11.14,5.59,2.94,660.57,4.86,15.26,4888,874,2.38,978.8,4.88,13.55,7.58,2.2,32.56,7219,12.76,2783,17.7,3932,41.29,778,-14.94,1.72,1.11,0.61,7.64,1.62,5.43,11.22,3.36,4.06,600.98,3.61,21.37,5.61,1.8,377.82,4.98,11.35,5.39,3.02,4.77,16.01
Central Michigan,48.02,71.24,65.48,0.09,597,624,572,0.09,822,865,643,68.5,795.2,-56.8,2.49,3.55,1.5,1.26,1.45,6,"1,014.11",726.34,291.17,2.35,2.98,1.72,1.12,2.51,4.62,"1,006.22",612.7,395.13,"4,621.00",802,2.49,"1,014.11",4.88,13.87,7.71,2.05,32.89,6951,12.44,2568,12.76,2507,42.28,757.2,16.38,1.9,1.24,0.67,7.63,1.54,5.35,11.42,3.37,4.8,3.81,21.96,5.76,1.5,291.17,4.79,10.88,5.23,3.55,726.34,4.95,17.01,4444,809,2.35,"1,006.22",4.96,13.41,7.61,2.12,32.48,6882,12.57,2716,16.23,3419,43.17,779,-14.7,1.95,1.22,0.73,7.71,1.58,5.45,11.35,3.29,4.06,612.7,3.72,20.48,5.81,1.72,395.13,4.94,11.07,5.18,2.98,4.95,15.95
Charlotte,41.9,60.53,56.1,0.08,917,755,808,0.08,597,662,690,55,729.8,-102,1.2,1.27,1.17,-0.3,0.96,4.36,731.11,357.35,375.44,1.8,2.11,1.54,0.45,1.3,5.33,"1,111.81",576.91,536.82,"5,907.00",1061,1.2,731.11,4.02,11.98,7.35,1.93,28.78,8864,10.05,3138,12.04,3670,34.73,697.8,14.09,1.8,1.18,0.62,6.75,0.53,4.45,9.93,3.25,2.57,3.11,18.15,5.28,1.17,375.44,4.15,9.99,4.72,1.27,357.35,3.87,14.53,5992,1072,1.8,"1,111.81",4.33,11.92,7.12,1.82,30.24,9851,11.16,3626,14.76,4842,35.91,712,-13.42,1.63,1.06,0.57,6.92,1.15,4.75,9.87,3.08,3.25,576.91,3.36,18.36,5.43,1.54,536.82,4.36,9.91,4.57,2.11,4.27,14.35
Cincinnati,36.92,63.17,61.15,0.08,864,689,630,0.08,607,846,556,62,821.3,-5.2,1.85,2.56,1.2,0.3,1.39,5.54,"1,225.37",757.34,475.56,2.05,3.06,1.23,0.46,2,5.39,"1,239.86",836.01,418.22,"6,863.00",1223,1.85,"1,225.37",4.53,13.65,8.25,2.12,31.85,10769,11.76,3990,13.24,4697,39.77,776.4,15.14,1.99,1.27,0.72,7.38,1.14,5.1,11.05,3.62,3.3,3.38,21.71,5.84,1.2,475.56,4.53,10.8,5.15,2.56,757.34,4.51,17.11,6697,1218,2.05,"1,239.86",4.68,13.71,7.75,2.16,31.83,10234,12.13,3943,14.03,4617,42.14,779,-14.96,2.04,1.32,0.72,7.43,1.11,5.18,11.16,3.57,3.97,836.01,3.61,21.43,5.86,1.23,418.22,4.53,11.05,5.13,3.06,4.83,16.82
Clemson,34.69,61.87,61.12,0.08,725,668,853,0.07,723,658,611,60.5,798.3,51.9,1.71,2,1.38,0.04,1.49,5.37,"1,207.66",727.47,492.84,2.02,2.72,1.37,0.35,2.29,5.1,"1,458.06",944.38,522.1,"7,023.00",1276,1.71,"1,207.66",4.18,12.46,7.26,2.18,28.07,9757,11.54,4030,13.59,4768,35.46,707.5,13.36,1.89,1.24,0.65,6.67,0.82,4.68,9.97,3.33,3.51,3.18,19.85,4.96,1.38,492.84,4.35,10.05,5.04,2,727.47,3.98,15.02,7293,1280,2.02,"1,458.06",4.42,12.18,7.47,2.04,28.57,10752,11.43,4317,13.25,5041,36.74,700,-14.02,1.68,1.09,0.59,6.87,1.25,4.9,9.99,3.13,3.69,944.38,3.34,19.21,5.13,1.37,522.1,4.44,9.83,4.86,2.72,4.37,14.82
Coastal Carolina,33.23,54.33,51.13,0.08,830,758,585,0.08,783,701,569,50,719.5,-92,1.6,1.99,1.06,-0.23,1.67,5.03,"1,201.88",700.6,504.8,2.31,2.88,1.83,0.6,2.09,6.05,"1,546.79",918.59,637.33,"7,487.00",1362,1.6,"1,201.88",4.45,13.3,7.02,2.28,30.88,11307,11.26,4146,13.68,5285,37.2,789.4,14.11,1.9,1.23,0.68,7.4,0.84,4.98,11.17,3.6,3.08,3.34,19.78,5.73,1.06,504.8,4.35,11.23,5.27,1.99,700.6,4.5,15.33,7684,1349,2.31,"1,546.79",4.85,13.67,7.38,2.15,32.67,12063,12.48,4539,16.01,5704,40.19,758,-16.42,1.78,1.12,0.67,7.63,1.64,5.36,11.46,3.37,3.79,918.59,3.68,20.94,5.91,1.83,637.33,4.83,11.38,5.08,2.88,4.84,16.46
Colorado,56.94,84.12,84.08,0.08,445,550,628,0.09,949,706,813,80.5,953.4,154.8,2.41,2.99,1.85,0.9,2.03,6.41,"1,035.08",604.17,432.55,2.2,2.76,1.72,1.17,1.43,5.78,884.19,528.55,359.62,"4,566.00",786,2.41,"1,035.08",5.02,12.91,7.8,2.24,32.77,7252,13.31,2959,17.31,3778,41.54,771.9,15.29,1.71,1.07,0.65,7.71,1.75,5.56,10.86,3.29,3.97,3.77,20.11,5.79,1.85,432.55,5.18,10.68,5.2,2.99,604.17,4.82,15.58,4466,785,2.2,884.19,5.03,12.59,7.84,2.18,32.74,6669,12.8,2575,16.18,3324,40.23,776,-14.97,1.7,1.03,0.67,7.75,1.77,5.65,10.84,3.25,3.26,528.55,3.52,19.56,5.59,1.72,359.62,5.13,10.61,5.41,2.76,4.92,14.8
Colorado State,49.15,77.54,71.92,0.09,798,912,642,0.09,638,507,858,71.5,819,-45.3,2.01,2.47,1.5,0.48,1.57,5.45,990.7,597.6,397.52,1.99,2.63,1.4,0.51,1.93,4.93,984.69,631.45,361.95,"5,383.00",961,2.01,990.7,4.69,13.28,7.64,2.23,31.57,8017,11.99,3037,14.16,3552,36.35,755.1,16.46,1.71,1.16,0.55,7.59,1.26,5.24,11.09,3.41,3.69,3.45,20.68,5.79,1.5,397.52,4.77,10.97,5.21,2.47,597.6,4.53,15.97,5436,973,1.99,984.69,4.74,13.2,7.43,2.11,32.45,8134,11.58,2906,13.68,3457,36.2,765,-15.81,1.69,1.13,0.56,7.61,1.23,5.25,10.96,3.39,3.75,631.45,3.56,20.8,5.61,1.4,361.95,4.73,10.86,5.39,2.63,4.72,15.82
Duke,41.6,69.9,70.19,0.08,753,516,803,0.07,683,710,578,69,868.2,54.8,2.14,2.78,1.58,0.59,1.86,5.38,"1,565.37",949.85,629.44,2.12,2.48,1.78,0.48,2.36,5.39,"1,457.06",839.49,617.57,"7,720.00",1384,2.14,"1,565.37",4.66,13.99,7.59,2.38,31.15,11517,12.83,4807,15.86,6055,42.79,785.5,14.38,1.99,1.33,0.66,7.46,1.36,5.2,11.53,3.54,3.71,3.51,21.67,5.76,1.58,629.44,4.65,11.8,5.23,2.78,949.85,4.67,16.51,7602,1375,2.12,"1,457.06",4.75,13.8,7.98,2.25,32.05,11101,13.21,4590,16.94,5819,39.37,772,-15.18,1.9,1.22,0.68,7.51,1.35,5.28,11.37,3.49,3.74,839.49,3.58,21.44,5.56,1.78,617.57,4.9,11.24,5.44,2.48,4.61,16.49
East Carolina,44.35,69.6,71.45,0.08,712,570,747,0.08,620,722,741,70.5,820.5,6.1,2.08,2.45,1.74,0.53,2,5.34,"1,498.86",818.46,686.01,2.08,2.89,1.43,0.43,1.92,5.62,"1,377.47",871.32,514.15,"7,577.00",1328,2.08,"1,498.86",4.74,13.5,8.03,2.05,33.03,12489,12.38,4696,15.06,5820,41.27,773.9,15.24,1.84,1.21,0.63,7.51,1.35,5.27,11.19,3.49,3.65,3.6,20.8,5.99,1.74,686.01,4.77,11.17,5.01,2.45,818.46,4.67,16.58,7525,1328,2.08,"1,377.47",4.7,13.64,8.25,2.08,32.02,11632,11.68,4237,12.66,4590,39.31,773,-15.28,1.83,1.18,0.65,7.48,1.22,5.26,10.88,3.52,3.9,871.32,3.5,22.51,5.9,1.43,514.15,4.74,10.74,5.09,2.89,4.65,17.22
Eastern Michigan,43.23,64.44,62.2,0.09,777,856,602,0.09,746,722,600,60.5,745.4,-76.6,1.77,2.38,1.21,0.88,1.07,4.79,719.35,439.14,282,2.23,3.14,1.32,0.8,2.26,5.51,940.85,624.13,320.11,"4,318.00",801,1.77,719.35,4.58,13.64,7.34,2.14,32.3,6752,12.39,2598,12.98,2712,34.62,762.9,16,2.01,1.31,0.71,7.53,1.14,5.15,11.33,3.47,3.19,3.33,21.56,5.91,1.21,282,4.62,10.97,5.09,2.38,439.14,4.48,16.9,4448,803,2.23,940.85,4.83,13.73,7.22,2.25,31.48,6791,12.07,2634,15.89,3434,40.57,773,-15.29,1.93,1.26,0.68,7.56,1.21,5.25,11.32,3.44,4.46,624.13,3.86,20.77,5.81,1.32,320.11,4.69,10.93,5.18,3.14,4.93,16.69
Florida,39.02,69,69.75,0.08,745,917,709,0.07,974,768,883,72.5,858.4,53.5,1.88,1.93,1.75,0.7,1.47,4.66,"1,340.95",730.6,615.03,2.36,3.07,1.7,0.92,2.41,5.41,"1,519.33",965.5,557.94,"7,304.00",1269,1.88,"1,340.95",4.8,12.82,7.95,2.08,32.77,11193,12.24,4173,13.84,4718,36.95,785.6,14.21,1.92,1.23,0.69,7.62,1.23,5.38,10.66,3.38,3.41,3.47,20.51,5.64,1.75,615.03,5,10.42,5.36,1.93,730.6,4.54,15.51,7265,1271,2.36,"1,519.33",5.11,12.73,7.98,2.07,33.03,10958,12.24,4048,13.54,4369,40.95,778,-14.88,1.74,1.1,0.64,7.79,1.66,5.64,10.59,3.21,4.09,965.5,3.79,20.55,5.56,1.7,557.94,5.11,10.28,5.44,3.07,5.09,15.37
Florida Atlantic,41.99,63.13,64.55,0.08,675,566,473,0.08,543,655,692,61,729.1,-85.8,1.8,2.2,1.43,0.46,1.58,5.22,"1,118.56",610.8,509.44,1.68,2.07,1.33,0.2,1.39,5.08,990.52,561.97,428.55,"5,949.00",1052,1.8,"1,118.56",4.31,11.83,7.48,1.75,30.59,10357,10.55,3570,12.56,4218,37.55,713.8,13.07,1.58,0.97,0.61,6.97,1.18,4.78,9.81,3.03,3.13,3.2,18.61,5.72,1.43,509.44,4.34,9.79,4.28,2.2,610.8,4.22,14.57,5981,1053,1.68,990.52,4.25,11.95,7.23,1.83,29.19,9181,10.69,3365,12.68,3860,36.02,707,-13.57,1.59,0.98,0.61,6.85,0.87,4.68,9.72,3.15,3.52,561.97,3.32,18.93,5.33,1.33,428.55,4.31,9.79,4.67,2.07,4.18,14.45
Florida International,40.88,59.77,61.11,0.09,740,700,584,0.08,700,730,724,58,724.2,-98.7,1.63,1.79,1.51,0.49,1.62,4.54,"1,045.02",551.9,502.2,2.04,2.65,1.52,0.62,1.51,6.24,"1,387.58",807.27,582.09,"6,315.00",1134,1.63,"1,045.02",4.24,12.14,7,1.87,29.62,9615,11.06,3588,13.77,4370,35.49,708.6,13.41,1.7,1.09,0.61,6.81,1.15,4.73,10.31,3.19,2.64,3.18,18.13,5.14,1.51,502.2,4.36,10.32,4.85,1.79,551.9,4.1,14.45,6589,1138,2.04,"1,387.58",4.42,12.2,7.18,1.77,30.36,10970,10.76,3893,13.87,5011,37.29,702,-14.07,1.5,0.96,0.54,6.97,1.24,4.85,9.76,3.03,3.87,807.27,3.43,19.96,5.42,1.52,582.09,4.44,9.91,4.58,2.65,4.39,14.92
Florida State,43.53,80.96,80.92,0.08,644,528,495,0.08,714,697,428,79.5,898.9,98.2,2.31,3.3,1.24,0.37,2.3,6.33,"1,919.63","1,368.99",554.67,2.18,2.65,1.75,0.61,2.05,5.53,"1,525.68",934.97,601.73,"8,037.00",1435,2.31,"1,919.63",4.71,14,7.89,2.24,31.09,11259,12.35,4560,14.87,5730,40.17,786.5,14.26,1.92,1.27,0.65,7.45,1.25,5.18,11.32,3.55,4.5,3.73,21.86,5.34,1.24,554.67,4.61,10.89,5.66,3.3,"1,368.99",4.8,16.83,8070,1434,2.18,"1,525.68",4.77,13.86,8.05,2.38,31.51,11665,13.63,4971,17.25,6099,39.56,785,-14.34,1.99,1.32,0.67,7.45,1.35,5.33,11.35,3.55,3.89,934.97,3.59,21.61,5.63,1.75,601.73,4.87,11.4,5.37,2.65,4.65,16.65
Fresno State,46.21,69.24,68.9,0.08,742,807,725,0.08,559,476,716,66.5,754.2,-9.1,1.95,2.37,1.47,0.53,1.77,5.09,983.4,612.68,374.46,1.73,1.95,1.49,0.27,1.62,4.57,866.98,478.71,388.27,"5,018.00",898,1.95,983.4,4.25,12.5,6.81,2.09,28.79,7319,11.43,2916,14.39,3709,33.75,688.3,14.77,1.67,1.15,0.52,6.84,1.24,4.76,10.33,3.16,3.54,3.15,19.68,5.12,1.47,374.46,4.35,10.51,4.88,2.37,612.68,4.1,14.71,5126,919,1.73,866.98,4.21,12.24,6.76,2.07,28.81,7430,10.72,2762,13.15,3384,33.23,678,-15.49,1.6,1.09,0.51,6.81,1.08,4.73,10.02,3.19,3.1,478.71,3.09,19.54,5.05,1.49,388.27,4.34,10.4,4.95,1.95,4.06,14.36
Georgia,43.44,75.58,74.06,0.07,576,727,641,0.08,915,794,888,71.5,883.7,75.8,2.09,2.54,1.58,1,1.59,4.89,"1,531.21",958.77,581.38,2.32,3.03,1.65,0.83,2.01,5.71,"1,641.77","1,051.98",589.79,"7,697.00",1359,2.09,"1,531.21",4.89,12.73,7.81,2.1,32.59,11655,12.16,4361,13.42,4869,39.5,797.2,13.45,1.81,1.17,0.64,7.67,1.45,5.48,10.59,3.33,3.54,3.54,20.4,5.66,1.58,581.38,4.96,10.23,5.34,2.54,958.77,4.77,15.47,7900,1357,2.32,"1,641.77",4.99,13,8.24,2.07,33.48,12221,12.47,4529,13.66,4822,41.55,784,-14.34,1.72,1.09,0.64,7.71,1.53,5.51,10.8,3.29,4.19,"1,051.98",3.77,20.66,5.59,1.65,589.79,5.04,10.26,5.41,3.03,4.94,15.99
Georgia Southern,46.17,76.07,74.07,0.08,586,561,632,0.09,706,587,680,71.5,823.8,7.3,2.47,3.33,1.67,0.7,2.23,6.53,"1,890.25","1,209.89",688.5,1.72,2.2,1.26,-0.01,1.75,5.48,"1,358.59",846.73,519.27,"8,248.00",1446,2.47,"1,890.25",4.92,13.73,7.53,2.16,32.8,12922,12.46,4928,14.57,5820,42.68,777.5,14.98,1.8,1.16,0.64,7.6,1.71,5.39,11.53,3.4,4.19,3.88,20.58,5.75,1.67,688.5,4.84,10.9,5.24,3.33,"1,209.89",4.96,16.82,8466,1456,1.72,"1,358.59",4.73,13.01,7.56,2.05,32.74,13041,11.53,4583,12.85,5060,38.12,790,-14.07,1.79,1.11,0.68,7.62,0.98,5.2,10.9,3.38,3.39,846.73,3.66,19.69,5.67,1.26,519.27,4.68,10.78,5.32,2.2,4.77,15.35
Georgia State,45.28,78.56,82.77,0.09,647,553,464,0.09,802,763,645,78.5,878,11,2.56,3.09,1.92,1.05,2.32,6.18,"1,996.51","1,071.71",930.59,2.17,2.72,1.75,0.24,1.82,6.83,"1,621.94",930.79,702.2,"8,999.00",1567,2.56,"1,996.51",5.34,14.52,8.42,2.19,36.47,15610,13.79,5866,16.6,7303,47.29,851.4,16.14,1.85,1.17,0.67,8.41,2,5.91,12.38,3.59,3.94,4.01,22.09,6.67,1.92,930.59,5.31,11.99,5.33,3.09,"1,071.71",5.22,17.71,9037,1569,2.17,"1,621.94",5.22,14.47,8.32,2.25,35.48,14160,13.11,5214,15.18,5870,43.38,852,-15.98,1.91,1.19,0.72,8.3,1.25,5.77,11.93,3.7,4.27,930.79,3.97,22.69,6.37,1.75,702.2,5.26,12.17,5.62,2.72,5.15,17.31
Georgia Tech,45.72,82.54,83.57,0.07,563,561,591,0.08,618,606,465,85,920.3,116,2.47,3.13,1.8,0.95,2.36,5.68,"1,900.49","1,194.94",715.78,2.06,2.71,1.43,0.49,2.38,4.53,"1,430.08",934.26,508.38,"8,189.00",1442,2.47,"1,900.49",4.92,13.75,8.17,2.11,32.23,12099,12.86,4883,15.78,6213,42.26,771.4,15.28,1.87,1.19,0.69,7.63,1.73,5.44,11.5,3.37,4.1,3.71,21.2,5.48,1.8,715.78,5.02,10.93,5.51,3.13,"1,194.94",4.79,16.84,7764,1446,2.06,"1,430.08",4.64,14.16,8.2,2.34,30.56,10493,12.44,4283,16.08,5559,38.35,785,-14.27,2.07,1.37,0.7,7.36,1.17,5.17,11.63,3.64,3.89,934.26,3.56,21.6,5.35,1.43,508.38,4.65,11.25,5.65,2.71,4.61,17.09
Hawai'i,41.47,63.38,62.96,0.09,783,807,709,0.09,592,581,679,60.5,811.4,-97.7,1.64,1.84,1.38,0.32,1.46,4.62,816.34,489.6,330.46,1.82,2.11,1.57,0.31,1.65,4.89,829.27,451.72,379.63,"4,598.00",824,1.64,816.34,4.1,12.49,6.8,2.29,28.05,6518,11.27,2641,15.07,3535,33.91,692.5,14.46,1.68,1.13,0.54,6.77,0.99,4.65,10.42,3.23,3.05,2.96,19.23,5.06,1.38,330.46,4.2,10.71,4.94,1.84,489.6,3.95,14.43,4647,822,1.82,829.27,4.25,12.2,6.87,2.06,28.34,6709,10.94,2587,14.02,3315,34.72,693,-14.55,1.61,1.15,0.46,6.83,1.04,4.7,10.04,3.17,3.49,451.72,3.26,18.99,5.1,1.57,379.63,4.34,10.51,4.89,2.11,4.16,14.13
Houston,33.65,53.35,51.15,0.07,788,747,811,0.08,607,757,742,49.5,719.1,-34.2,1.5,2.1,1.02,0.23,1.43,4.14,"1,009.71",637.4,383.93,1.94,2.77,1.28,0.65,1.84,4.7,"1,259.06",821.39,441.37,"6,368.00",1156,1.5,"1,009.71",4.16,11.96,7.17,1.97,28.75,9637,10.48,3566,11.97,4149,34.38,699.8,14.1,1.81,1.18,0.63,6.8,0.97,4.67,9.91,3.2,2.6,3.06,18.64,5.28,1.02,383.93,4.14,9.69,4.71,2.1,637.4,4.15,14.89,6404,1148,1.94,"1,259.06",4.3,12.23,7.1,1.91,29.34,10090,10.86,3736,12.58,4367,37.75,694,-14.6,1.63,1.08,0.56,6.87,1.26,4.79,9.95,3.13,3.45,821.39,3.23,19.67,5.47,1.28,441.37,4.23,10.07,4.53,2.77,4.38,14.9
Illinois,50.94,77.85,80.4,0.08,772,687,706,0.09,671,679,750,75.5,950.2,88.7,2,2.53,1.46,0.23,1.87,5.71,"1,129.99",680.07,455.38,1.98,2.76,1.32,0.22,2.19,5.88,"1,042.45",682.67,369.69,"6,742.00",1178,2,"1,129.99",5.13,14.37,8.5,2.33,34.77,10258,13.14,3824,15.75,4532,44.15,854.5,16.05,1.97,1.24,0.73,8.35,1.37,5.72,12.01,3.65,3.47,3.78,22.62,6.16,1.46,455.38,5.13,11.9,5.83,2.53,680.07,5.13,16.99,6487,1174,1.98,"1,042.45",5.09,14.28,8.41,2.44,33.42,9310,12.62,3534,16.4,4510,41.35,857,-15.89,2,1.29,0.71,8.21,1.22,5.66,11.87,3.79,3.66,682.67,3.86,22.1,6.21,1.32,369.69,5.12,11.54,5.78,2.76,5.05,17.24
Indiana,51.41,76.19,79.34,0.08,699,709,679,0.08,583,706,715,73.5,907.8,124.9,2,2.67,1.27,0.48,1.99,5.26,"1,064.88",690.05,388.13,1.82,2.55,1.16,0.11,1.73,5.55,949.83,634.46,326.61,"5,921.00",1077,2,"1,064.88",4.71,13.45,7.48,2.22,31.38,8550,12.16,3281,16.07,4299,38.9,780.9,14.84,1.83,1.15,0.68,7.53,1.32,5.24,11.34,3.47,3.51,3.58,20.36,5.39,1.27,388.13,4.63,11.03,5.6,2.67,690.05,4.79,15.79,6122,1082,1.82,949.83,4.64,12.99,8.13,2.13,30.36,8695,11,3141,13.18,3714,40.05,785,-14.62,1.76,1.11,0.65,7.53,1.12,5.13,10.78,3.47,3.32,634.46,3.56,19.97,5.66,1.16,326.61,4.63,10.58,5.33,2.55,4.62,15.71
Iowa,56.97,82.62,80.84,0.09,722,755,684,0.09,656,743,675,78.5,984.9,105.1,2.22,3.04,1.42,0.41,2.34,5.98,"1,137.43",731.69,407.81,2.07,2.76,1.44,0.19,2.35,5.62,959.4,608.26,354.87,"6,102.00",1070,2.22,"1,137.43",5.21,14.41,8.4,2.43,34.26,9334,13.26,3549,15.44,4119,44.07,854.3,16,1.91,1.24,0.66,8.34,1.41,5.77,11.91,3.66,4.16,3.94,22.87,6.31,1.42,407.81,5.22,11.44,5.68,3.04,731.69,5.18,17.8,5860,1059,2.07,959.4,5.06,14.74,8.55,2.47,34,8600,13.06,3301,16.64,4004,42.14,850,-16.33,2.03,1.31,0.72,8.12,1.39,5.68,12.27,3.88,3.44,608.26,3.75,22.53,6.25,1.44,354.87,5.02,11.98,5.74,2.76,5.11,17.56
Iowa State,43.78,66.35,68.53,0.08,877,839,898,0.08,551,675,524,66.5,880.2,79.7,1.72,2.08,1.39,-0.01,2.06,4.39,"1,172.65",723.95,457.95,1.77,2.14,1.44,0.27,1.87,4.53,"1,125.91",688.55,453.25,"7,290.00",1374,1.72,"1,172.65",4.49,13.54,7.98,2.42,30.16,9962,12.08,3990,15.95,5380,38.42,768.6,15.58,2.02,1.32,0.7,7.36,0.96,5.05,11.13,3.64,3.22,3.33,20.89,5.48,1.39,457.95,4.55,11.77,5.51,2.08,723.95,4.42,15.46,7261,1375,1.77,"1,125.91",4.53,13.21,7.49,2.38,30.41,10098,11.68,3870,16.21,5352,39.47,769,-15.46,1.94,1.22,0.72,7.48,1.24,5.11,11.16,3.52,2.91,688.55,3.3,20.09,5.61,1.44,453.25,4.53,11.45,5.38,2.14,4.49,15.29
Kansas,51.27,79.82,80.18,0.08,722,705,760,0.08,485,619,399,78.5,925.2,117.6,2.16,2.92,1.53,0.45,2.64,4.93,"1,621.24","1,029.21",599.48,1.63,2.02,1.27,-0.01,1.94,4.25,"1,180.50",728.45,463.22,"8,060.00",1491,2.16,"1,621.24",4.74,13.73,7.94,2.34,30.61,11683,12.11,4605,17.04,6475,40.93,759.8,16.15,1.91,1.21,0.7,7.58,1.36,5.22,11.4,3.42,3.95,3.67,21.04,5.66,1.53,599.48,4.71,11.55,5.34,2.92,"1,029.21",4.77,16.15,7894,1494,1.63,"1,180.50",4.45,13.54,7.61,2.43,30.15,10818,11.69,4198,15.29,5474,38.82,780,-14.66,2.02,1.31,0.72,7.39,0.95,5.01,11.31,3.61,3.06,728.45,3.3,20.51,5.49,1.27,463.22,4.45,11.59,5.5,2.02,4.42,15.69
Kansas State,47.4,71.8,73.56,0.08,709,811,723,0.08,526,614,555,71.5,907.3,100.5,2.08,2.67,1.45,0.37,2.28,4.99,"1,433.42",954.41,490.34,1.75,2.33,1.22,0.16,1.97,4.35,"1,102.19",723.26,388.19,"7,572.00",1393,2.08,"1,433.42",4.69,13.53,7.68,2.45,30.34,10190,11.93,4030,15.8,5479,39.03,770,15.41,1.9,1.23,0.66,7.51,1.22,5.2,11.15,3.49,3.95,3.6,20.95,5.3,1.45,490.34,4.63,11.59,5.69,2.67,954.41,4.73,15.41,7334,1379,1.75,"1,102.19",4.53,13.38,7.46,2.42,30.26,10093,11.66,3873,14.94,4989,38.48,779,-14.79,1.91,1.23,0.69,7.47,1.1,5.1,11.2,3.53,3.16,723.26,3.32,20.55,5.6,1.22,388.19,4.52,11.16,5.4,2.33,4.5,15.84
Kent State,42.35,63.48,67.48,0.08,731,774,571,0.09,640,822,699,63.5,772.4,-26.3,2.15,2.43,1.92,1.33,1.27,5.22,872.09,427.79,448.15,2.21,2.86,1.62,0.59,1.88,6.08,836.15,491.75,356.77,"4,214.00",785,2.15,872.09,4.72,13.8,7.88,2.01,33.54,7105,13.26,2791,17.71,3788,37.72,765,15.78,1.83,1.14,0.68,7.56,1.66,5.36,11.73,3.44,3.29,3.3,21.6,6.02,1.92,448.15,4.8,12,4.97,2.43,427.79,4.58,16.31,4361,778,2.21,836.15,4.72,13.69,7.89,2,33.3,7037,12.13,2589,13.46,2829,42.5,779,-14.91,1.84,1.18,0.66,7.57,1.16,5.11,11.27,3.43,4.46,491.75,3.82,20.8,5.94,1.62,356.77,4.69,10.91,5.05,2.86,4.69,17
Kentucky,32.65,60.16,63.92,0.07,655,790,548,0.07,895,777,662,63.5,804.5,15.3,1.64,2.08,1.11,0.45,1.25,4.18,"1,195.11",816.46,382.76,2.43,3.24,1.72,1.19,2.24,5.28,"1,647.84","1,037.04",617.19,"6,995.00",1219,1.64,"1,195.11",4.32,11.67,6.99,1.94,28.76,9047,10.48,3327,10.7,3548,34.06,720.1,12.51,1.78,1.07,0.71,6.88,0.85,4.77,9.6,3.12,3.38,3.32,18.33,4.5,1.11,382.76,4.35,9.25,5.49,2.08,816.46,4.28,13.89,6894,1204,2.43,"1,647.84",4.66,11.92,7.31,1.83,30.55,10835,11.59,4116,12.6,4398,38.72,702,-13.93,1.56,0.97,0.59,7.04,1.81,5.17,9.92,2.96,3.89,"1,037.04",3.45,18.96,5.12,1.72,617.19,4.75,9.29,4.87,3.24,4.54,15.03
Liberty,33.06,60.66,60.62,0.09,701,714,320,0.09,787,764,402,57.5,742.1,-63.3,1.47,2.02,0.86,-0.05,1.27,4.68,"1,104.33",654.25,455.84,2.25,2.49,2.1,0.68,1.65,6.16,"1,475.55",729.62,753.51,"6,516.00",1172,1.47,"1,104.33",4.12,11.75,6.34,1.95,28.48,10376,10.12,3664,11.48,4326,32.53,711.9,13.2,1.63,1.04,0.59,6.8,0.59,4.54,9.48,3.2,3.34,3.24,18.63,5.31,0.86,455.84,4.09,9.71,4.68,2.02,654.25,4.05,14.45,6769,1167,2.25,"1,475.55",4.48,12.34,7.42,1.8,30.97,11495,11.78,4277,16.12,5664,38.61,706,-13.68,1.55,1,0.56,6.96,1.69,4.98,10.4,3.04,3.55,729.62,3.33,19,5.49,2.1,753.51,4.56,10.65,4.5,2.49,4.36,14.67
Louisiana,37.61,66.37,65.09,0.08,694,645,587,0.09,727,578,622,62.5,784.2,-30.5,2.16,2.52,1.61,0.78,1.71,5.68,"1,550.64",904.13,650.27,1.96,2.72,1.32,0.3,2.03,5.42,"1,448.25",959.12,506.7,"7,838.00",1404,2.16,"1,550.64",4.74,13.69,7.37,2.13,32.54,12244,12.51,4669,15.9,6060,40.83,771.3,15.37,1.79,1.15,0.64,7.55,1.46,5.26,11.49,3.45,3.68,3.59,20.71,5.79,1.61,650.27,4.74,11.21,5.2,2.52,904.13,4.66,16.31,7947,1410,1.96,"1,448.25",4.76,13.3,7.27,2.19,31.7,11837,11.67,4396,13.96,5275,38.06,770,-15.38,1.77,1.09,0.67,7.56,1.26,5.26,11.17,3.44,3.49,959.12,3.66,20.03,5.73,1.32,506.7,4.7,10.87,5.26,2.72,4.79,16.12
Louisiana Monroe,44.81,79.26,78.09,0.09,565,647,539,0.09,803,632,603,76.5,838.1,28.5,2.35,3.02,1.67,0.54,2.21,6.34,"1,829.71","1,113.21",726.68,1.97,2.42,1.54,0.26,2.18,5.15,"1,518.88",916.91,609.38,"8,498.00",1477,2.35,"1,829.71",4.92,13.37,7.7,2.12,32.84,13432,12.33,5085,14.5,6116,41.15,773.6,15.26,1.74,1.09,0.65,7.67,1.55,5.39,11.16,3.33,4.21,3.83,20.65,5.79,1.67,726.68,4.93,10.66,5.2,3.02,"1,113.21",4.84,16.33,8447,1491,1.97,"1,518.88",4.85,13.12,7.29,2.08,32.92,13004,12.2,4782,13.69,5326,39.34,790,-14.11,1.81,1.11,0.7,7.66,1.23,5.34,11.01,3.34,3.67,916.91,3.7,20.09,5.63,1.54,609.38,4.87,10.83,5.37,2.42,4.81,15.58
Louisiana Tech,40.92,63.33,64.36,0.08,739,605,373,0.09,597,725,548,59,745,-71.4,1.81,2.72,1.08,0.38,1.5,5.53,"1,195.69",803.44,396.14,1.88,2.43,1.41,0.56,1.98,5.1,"1,223.42",737.56,491.86,"6,422.00",1144,1.81,"1,195.69",4.24,12.53,7.18,1.88,29.2,9402,10.35,3397,11.89,4153,36.77,707.3,13.56,1.64,1.01,0.64,6.86,1.08,4.67,10.07,3.14,3.37,3.27,20.27,5.06,1.08,396.14,4.25,9.7,4.93,2.72,803.44,4.26,15.71,6355,1131,1.88,"1,223.42",4.29,12.38,6.94,1.97,29.68,9872,10.96,3688,14.31,4833,37.66,706,-13.64,1.62,1.04,0.58,6.83,1.15,4.73,10.24,3.17,3.5,737.56,3.31,19.11,5.27,1.41,491.86,4.32,10.14,4.73,2.43,4.24,14.98
Louisville,40.9,73.59,71.9,0.08,658,624,538,0.08,867,826,580,72.5,887.8,64.8,2.1,2.51,1.6,0.29,2.14,5.79,"1,591.37",999.6,599.81,2.38,3.03,1.78,0.73,2.65,5.3,"1,729.90","1,071.22",668.57,"8,087.00",1443,2.1,"1,591.37",4.77,13.38,8.16,2.05,31.98,11609,12.21,4424,14.14,5170,40.58,780.6,14.56,1.88,1.18,0.7,7.54,1.17,5.3,10.76,3.46,4.1,3.61,21.75,5.43,1.6,599.81,4.92,10.59,5.56,2.51,999.6,4.6,16.11,8128,1439,2.38,"1,729.90",4.93,13.65,7.93,2.21,31.86,12185,13.13,5005,16.23,6152,41.87,784,-14.36,1.88,1.24,0.64,7.61,1.51,5.43,11.18,3.39,4.36,"1,071.22",3.8,21.62,5.7,1.78,668.57,4.93,11.18,5.29,3.03,4.92,16.36
LSU,47.49,80.49,81.76,0.07,488,641,330,0.08,883,705,595,77,909,115.2,2.42,3.09,1.76,1.19,2.3,5.61,"1,750.00","1,115.73",640.6,2.18,2.81,1.64,0.7,1.47,6.13,"1,544.16",937.89,614.46,"7,605.00",1321,2.42,"1,750.00",5.08,12.67,7.76,1.94,33.39,11290,12.59,4278,13.64,4668,41.41,790,14,1.7,1.03,0.67,7.79,1.73,5.63,10.61,3.21,4.16,3.74,20.5,5.4,1.76,640.6,5.12,10.38,5.6,3.09,"1,115.73",5.02,14.98,7839,1315,2.18,"1,544.16",4.99,12.95,7.83,1.98,33.26,11902,12.21,4359,11.63,4216,40.33,786,-14.2,1.73,1.07,0.66,7.68,1.05,5.4,10.24,3.32,4.77,937.89,4.02,21.27,5.49,1.64,614.46,5.09,10.1,5.5,2.81,4.88,16.05
Marshall,41.26,58.49,60.76,0.08,820,679,700,0.08,590,780,710,58.5,725,-90.3,1.43,1.73,1.24,0.21,0.72,4.59,938.44,501.87,440.17,1.88,2,1.83,0.41,1.52,5.68,"1,132.51",507.33,631.27,"6,007.00",1080,1.43,938.44,4.09,12.12,6.99,1.9,29.38,9972,10.66,3627,14.26,4774,35.82,713.3,13.11,1.76,1.14,0.62,6.75,0.81,4.59,9.94,3.25,2.7,3.04,19.1,5.58,1.24,440.17,4.21,10.14,4.42,1.73,501.87,3.92,15.22,6088,1078,1.88,"1,132.51",4.27,12.35,7.3,1.84,30.36,10282,11.59,3889,17,5624,38.31,704,-13.88,1.63,1.02,0.62,6.89,1.17,4.74,10.16,3.11,3.47,507.33,3.23,19.51,5.54,1.83,631.27,4.32,10.91,4.45,2,4.21,14.33
Maryland,50.73,73.78,71.66,0.08,713,668,563,0.08,692,707,683,70,905.4,102.4,2.12,2.91,1.38,0.36,2.19,5.77,"1,071.92",698.6,384.56,2.05,2.64,1.47,0.31,2.04,5.89,"1,016.68",662.34,365.97,"5,940.00",1055,2.12,"1,071.92",4.74,13.38,8.04,2.09,31.62,8807,11.96,3301,14.53,4081,40.46,784.7,14.66,1.76,1.11,0.65,7.49,1.29,5.22,11.09,3.51,4.02,3.72,20.55,5.71,1.38,384.56,4.67,10.88,5.28,2.91,698.6,4.79,16.2,5751,1047,2.05,"1,016.68",4.77,13.17,8.07,2.13,31.48,8459,11.83,3162,16.05,4142,40.71,785,-14.55,1.77,1.12,0.66,7.58,1.43,5.3,11.16,3.42,3.36,662.34,3.56,19.79,5.73,1.47,365.97,4.69,10.97,5.27,2.64,4.81,15.57
Memphis,42.69,67.74,65.12,0.08,795,645,637,0.09,620,812,658,62.5,812.7,-14.8,1.87,2.44,1.32,0.23,1.82,4.95,"1,385.55",891.65,503.15,2.17,3.22,1.3,0.5,2.44,5.37,"1,465.35","1,019.98",456.59,"7,743.00",1378,1.87,"1,385.55",4.65,13.4,7.89,2.03,32.7,11465,11.9,4182,12.99,4830,40.73,780.2,14.81,1.87,1.14,0.73,7.49,1.07,5.15,10.85,3.51,3.59,3.57,21.32,5.5,1.32,503.15,4.68,10.69,5.49,2.44,891.65,4.6,16.46,7587,1372,2.17,"1,465.35",4.69,13.88,7.8,2.22,31.31,11423,12.01,4360,14.53,5244,41.63,770,-15.6,1.92,1.3,0.63,7.51,1.44,5.21,11.51,3.49,3.78,"1,019.98",3.57,21.38,5.9,1.3,456.59,4.6,11.19,5.1,3.22,4.78,17.1
Miami,42.49,74.57,76.37,0.07,605,675,727,0.08,573,694,517,74,903.7,101.9,2.32,2.74,1.94,0.95,2.26,5.49,"1,841.51","1,039.45",821.29,1.99,2.43,1.57,0.15,2.15,5.75,"1,482.82",894.95,600.62,"8,217.00",1480,2.32,"1,841.51",4.92,13.57,7.96,2.16,32.49,12844,13.31,5320,16.24,6620,40.9,779,14.76,1.87,1.21,0.66,7.61,1.61,5.45,11.43,3.39,3.97,3.7,20.88,5.71,1.94,821.29,5,11.3,5.28,2.74,"1,039.45",4.8,16.17,8286,1487,1.99,"1,482.82",4.6,14.08,7.97,2.22,31.64,11882,12.13,4573,15.46,5774,40.07,781,-14.58,1.93,1.24,0.69,7.42,0.9,5.03,11.44,3.58,4.28,894.95,3.72,21.51,5.48,1.57,600.62,4.68,11.34,5.51,2.43,4.51,17.02
Miami (OH),41.79,70.43,71.33,0.09,572,564,583,0.08,815,634,816,70,776.9,-41,2.48,2.59,2.35,1.06,2.43,5.53,"1,128.90",485.04,645.47,2.28,2.43,2.12,1.3,1.78,5.62,888.26,435.66,456.31,"4,924.00",868,2.48,"1,128.90",4.93,13.43,7.91,1.83,33.95,9369,12.98,3448,18.03,4840,42.16,752.6,16.74,1.63,1.09,0.54,7.76,1.82,5.43,11.39,3.24,4.17,3.73,21.03,6.61,2.35,645.47,4.92,12.06,4.38,2.59,485.04,4.82,15.96,4822,867,2.28,888.26,4.93,13.36,7.98,1.88,34.32,7985,13.33,3090,16.72,3750,38.14,760,-16.08,1.71,1.1,0.61,7.69,1.66,5.5,11.17,3.31,3.6,435.66,3.53,20.95,6.05,2.12,456.31,5.02,11.28,4.94,2.43,4.79,16.09
Michigan,55.74,82.53,82.12,0.08,751,814,777,0.09,653,721,656,78.5,981.8,109.6,2.11,3.14,1.26,0.23,2.13,5.71,"1,021.67",697.96,338.8,1.97,2.77,1.18,0.17,2.29,5.31,939.2,654.75,291.07,"6,055.00",1081,2.11,"1,021.67",5.18,14.26,8.5,2.34,34.27,9098,12.88,3395,14.32,3739,42.12,851.5,16.24,1.97,1.25,0.73,8.31,1.33,5.74,12.07,3.69,3.94,3.91,21.95,6.28,1.26,338.8,5.09,11.56,5.7,3.14,697.96,5.25,17.5,5910,1079,1.97,939.2,5.08,14.5,8.29,2.5,33.48,8139,12.65,3107,15.96,3953,42.5,852,-16.31,2.09,1.32,0.76,8.17,1.19,5.66,12.01,3.83,3.66,654.75,3.83,22.4,5.98,1.18,291.07,5.03,11.8,6.01,2.77,5.1,17.17
Michigan State,49.26,73.79,76.88,0.08,755,667,618,0.08,585,705,554,74,901.3,117,1.96,2.67,1.18,0.24,1.99,5.3,"1,109.78",759.03,357.44,1.86,2.49,1.29,0.07,1.93,5.19,"1,065.01",667.03,401.72,"6,337.00",1116,1.96,"1,109.78",4.69,13.39,7.63,2.27,30.87,8874,12.02,3407,14.85,4098,39.92,790.8,14.17,1.85,1.17,0.68,7.49,1.19,5.24,11.04,3.51,3.59,3.51,21,5.35,1.18,357.44,4.66,10.73,5.64,2.67,759.03,4.73,15.87,6441,1128,1.86,"1,065.01",4.65,13.32,7.88,2.17,31.1,9294,11.99,3616,13.78,4215,39.72,789,-14.31,1.87,1.17,0.7,7.5,1.15,5.17,10.98,3.5,3.39,667.03,3.54,20.72,5.62,1.29,401.72,4.67,10.8,5.38,2.49,4.61,16.05
Middle Tennessee,37.6,64.29,66.05,0.08,670,583,513,0.07,529,510,483,62,682,-58.9,1.5,1.42,1.61,0.4,1.18,4.33,"1,019.85",430.66,592.85,1.6,1.89,1.35,0.28,1.59,4.71,993.49,551.52,443.59,"5,574.00",981,1.5,"1,019.85",3.79,11.16,6.46,1.67,27.71,9595,10.64,3760,14.3,4985,32.68,637.1,12.19,1.56,1.03,0.53,6.16,1.12,4.22,9.54,2.84,2.33,2.81,16.59,4.95,1.61,592.85,3.94,9.61,4.05,1.42,430.66,3.6,13.3,5593,987,1.6,993.49,3.89,10.7,6.51,1.65,27.12,8910,10.1,3286,12.64,3975,30.94,645,-11.6,1.5,0.98,0.52,6.17,0.92,4.29,8.76,2.83,3.15,551.52,3.01,16.83,4.79,1.35,443.59,4,8.81,4.21,1.89,3.76,12.97
Minnesota,51.47,74.94,75.64,0.08,855,899,670,0.09,597,750,616,73.5,948.8,84.9,1.94,2.42,1.38,0.31,1.42,6.07,898.41,530.83,372.59,1.99,2.81,1.19,0.17,2.12,5.89,892.71,578.9,324.16,"5,470.00",1001,1.94,898.41,5.03,14.62,8.72,2.47,34.03,8275,13.18,3198,16.78,4138,40.04,854.8,16.01,2.08,1.31,0.76,8.15,1.35,5.74,12.01,3.85,3.17,3.51,23.54,6.3,1.38,372.59,5.12,11.76,5.69,2.42,530.83,4.88,17.98,5550,998,1.99,892.71,5.02,14.72,8.05,2.46,34.29,8115,13.07,3115,16.23,3761,43.36,864,-15.4,2.2,1.39,0.81,8.12,0.99,5.47,12.23,3.88,4.05,578.9,4.04,21.68,6.1,1.19,324.16,4.89,11.83,5.89,2.81,5.1,17.67
Mississippi State,43.24,77.02,78.24,0.07,579,619,420,0.09,891,753,638,78,893.1,94.1,2.24,3.05,1.42,0.79,1.93,5.81,"1,716.03","1,169.15",556.17,2.37,2.9,1.81,1.04,2,5.54,"1,693.05","1,062.92",634.52,"8,084.00",1395,2.24,"1,716.03",4.98,12.78,7.94,2.08,32.28,12052,11.9,4477,11.33,4350,41.31,787.5,14.16,1.7,1.08,0.62,7.72,1.39,5.45,10.61,3.28,4.28,3.86,20.09,5.58,1.42,556.17,4.99,9.87,5.42,3.05,"1,169.15",4.94,15.72,8172,1394,2.37,"1,693.05",5.02,13.08,7.71,2.05,33.48,12079,12.48,4488,14.24,5010,41.03,792,-13.8,1.76,1.06,0.7,7.73,1.49,5.5,10.69,3.27,4.45,"1,062.92",3.88,21.07,5.36,1.81,634.52,5.03,10.62,5.63,2.9,5,15.43
Missouri,41.22,72.79,74.31,0.07,558,717,573,0.08,984,816,914,71.5,860.4,57.9,2.23,2.69,1.71,1.06,1.92,5.16,"1,555.98",950.36,612.65,2.48,3.35,1.64,1.27,1.97,5.7,"1,679.12","1,090.64",594.95,"7,341.00",1272,2.23,"1,555.98",4.94,12.86,8.04,1.96,33.22,11575,11.93,4165,13.73,4793,39.45,785.5,14.26,1.78,1.1,0.68,7.75,1.61,5.52,10.77,3.25,3.69,3.56,20.74,5.73,1.71,612.65,5.07,10.15,5.27,2.69,950.36,4.74,15.95,7448,1274,2.48,"1,679.12",5.11,12.98,8.2,2.05,33.43,11478,12.32,4230,14.12,4853,41.88,779,-14.77,1.68,1.05,0.62,7.77,1.71,5.62,10.65,3.23,4.31,"1,090.64",3.85,20.99,5.5,1.64,594.95,5.11,10.05,5.49,3.35,5.09,16.06
Navy,47.85,80.82,80.24,0.08,580,588,521,0.08,525,599,607,78.5,853.3,27.8,2.38,3.22,1.63,0.78,2.23,6.18,"1,601.91","1,020.32",585.19,1.79,2.56,1.14,0.18,1.99,4.73,"1,122.74",763.34,369.7,"7,291.00",1257,2.38,"1,601.91",4.92,13.32,8.19,1.94,33.66,11726,12.52,4377,14.42,5142,41.49,771.6,15.45,1.72,1.07,0.65,7.64,1.56,5.39,10.94,3.36,4.18,3.82,20.88,5.91,1.63,585.19,4.88,10.67,5.09,3.22,"1,020.32",4.94,16.4,6977,1262,1.79,"1,122.74",4.59,13.47,7.73,2.14,31.31,10119,11.7,3805,12.39,4027,37.06,784,-14.45,1.91,1.24,0.66,7.41,0.98,5.1,10.96,3.59,3.49,763.34,3.54,21,5.7,1.14,369.7,4.5,10.95,5.3,2.56,4.67,16.35
NC State,44.62,74.31,73.27,0.08,779,662,817,0.08,786,759,743,72.5,884.9,66.2,2.02,2.34,1.69,0.32,1.85,5.52,"1,540.26",931.84,610.19,2.14,2.68,1.67,0.62,1.96,5.63,"1,531.53",907.01,630.9,"7,932.00",1432,2.02,"1,540.26",4.67,13.67,8.13,2.22,31.77,10517,12.85,4325,14.95,5309,39.84,780.5,14.62,2.07,1.32,0.75,7.42,1.17,5.24,11.02,3.58,3.81,3.48,21.97,5.03,1.69,610.19,4.79,11.16,5.97,2.34,931.84,4.58,15.87,7959,1428,2.14,"1,531.53",4.84,13.39,8.04,2.25,31.54,11907,12.99,4886,16.1,6074,40.59,768,-15.54,1.83,1.2,0.63,7.58,1.36,5.4,11,3.42,3.88,907.01,3.6,21.34,5.76,1.67,630.9,4.91,11.14,5.23,2.68,4.77,15.97
Nebraska,54.83,79.76,81.17,0.08,590,535,561,0.07,596,570,751,82,919.4,131.8,2.28,3.08,1.45,0.73,2.39,5.56,"1,217.66",779.03,448.2,1.71,2.44,1.04,0.31,1.57,4.94,863.75,586.59,288.4,"5,750.00",1053,2.28,"1,217.66",4.85,13.38,7.88,2.23,31.83,8957,12.3,3463,16,4577,42.32,781.3,14.87,1.72,1.08,0.64,7.63,1.6,5.37,11.28,3.37,3.85,3.66,20.48,5.81,1.45,448.2,4.81,10.67,5.19,3.08,779.03,4.87,16.39,5771,1055,1.71,863.75,4.66,12.7,8.01,2.21,30.68,7952,11.2,2913,13.17,3359,37.69,791,-14.08,1.76,1.07,0.69,7.51,1.24,5.26,10.74,3.49,2.7,586.59,3.33,19.34,5.42,1.04,288.4,4.6,10.16,5.57,2.44,4.69,15.32
Nevada,41.16,61.07,62.15,0.08,822,736,789,0.08,498,584,601,60.5,768.1,-65,1.61,2.15,1.15,0.08,1.74,4.54,765.12,466.93,298.19,1.77,2.11,1.47,0.05,1.81,4.77,824.48,443.18,381.3,"4,561.00",830,1.61,765.12,4.14,12.3,7.01,2.18,27.69,6673,10.35,2500,13.06,3224,34.93,693.2,14.43,1.68,1.15,0.53,6.76,0.89,4.65,10.01,3.24,3.15,3.04,19.64,5.25,1.15,298.19,4.18,10.09,4.75,2.15,466.93,4.07,14.87,4655,836,1.77,824.48,4.15,12.42,7.02,2.08,28.3,6919,10.61,2633,13.84,3470,34.42,679,-15.27,1.64,1.13,0.51,6.76,0.98,4.62,10.16,3.24,3.41,443.18,3.16,19.41,5.3,1.47,381.3,4.15,10.87,4.7,2.11,4.14,14.34
New Mexico,38.64,60.73,62.84,0.07,788,748,651,0.08,463,671,580,60,745.4,-83.5,1.64,2.01,1.35,0.08,1.83,4.57,795.63,430.25,365.38,1.74,2.28,1.25,0.17,1.68,4.74,761.48,473.25,292.66,"4,541.00",799,1.64,795.63,4.15,12.21,7.55,2.07,28.82,7320,10.52,2679,12.87,3266,34.56,705.1,13.58,1.63,1.09,0.54,6.75,0.96,4.68,9.95,3.25,3.04,3.03,19.38,5.53,1.35,365.38,4.28,10.12,4.47,2.01,430.25,3.97,14.96,4445,801,1.74,761.48,4.13,12.44,7,2.06,28.15,6489,10.68,2467,13.13,3030,36.42,707,-13.62,1.65,1.17,0.48,6.73,0.9,4.59,10.13,3.27,3.49,473.25,3.17,19.43,5.22,1.25,292.66,4.14,10.39,4.78,2.28,4.09,14.8
New Mexico State,43.97,73.05,62.99,0.08,953,1045,531,0.09,705,505,664,63,784,-78.2,1.79,2.14,1.36,-0.09,1.71,5.59,"1,217.18",760.68,460.92,2.09,2.42,1.77,0.37,1.81,5.51,"1,079.18",603.85,477.41,"6,113.00",1097,1.79,"1,217.18",4.47,13.66,7.19,2.32,30.61,8823,11.56,3339,14.96,4335,33.61,761,16.05,1.74,1.16,0.58,7.5,0.88,4.97,11.23,3.5,3.78,3.37,21.37,5.55,1.36,460.92,4.51,11.65,5.45,2.14,760.68,4.37,15.74,6290,1107,2.09,"1,079.18",4.78,13.52,7.89,2.25,32.09,9248,12.22,3464,15.49,4203,36.4,750,-16.75,1.81,1.22,0.59,7.57,1.3,5.29,11.1,3.43,3.89,603.85,3.61,21.54,5.63,1.77,477.41,4.83,11.45,5.37,2.42,4.68,15.97
North Carolina,35.82,69.9,70.58,0.08,709,597,678,0.08,690,743,405,70,883.5,71.8,2.11,2.46,1.82,0.35,2.09,5.51,"1,587.32",901.15,698.78,2.16,2.69,1.63,0.33,2.48,5.43,"1,589.01",999.1,602.34,"8,235.00",1471,2.11,"1,587.32",4.74,13.72,8.06,2.24,31.78,12337,12.82,4977,15.71,6149,41.47,774,15.08,1.94,1.25,0.69,7.47,1.3,5.27,11.32,3.53,3.8,3.61,21.08,5.71,1.82,698.78,4.87,11.33,5.29,2.46,901.15,4.6,16.44,8165,1482,2.16,"1,589.01",4.73,14.08,7.91,2.42,30.97,11342,13.06,4786,17.02,6226,40.68,782,-14.47,2.02,1.35,0.67,7.43,1.24,5.23,11.62,3.57,4.04,999.1,3.69,21.27,5.42,1.63,602.34,4.77,11.43,5.58,2.69,4.67,16.78
North Texas,43.85,74.49,70.34,0.08,799,698,560,0.09,594,735,632,68,767.4,-65.7,1.97,2.58,1.49,0.26,1.62,6.11,"1,312.16",772.78,543.03,1.94,2.51,1.45,0.49,1.85,5.18,"1,196.19",715.68,482.13,"6,796.00",1189,1.97,"1,312.16",4.64,13.59,8.14,2.09,32.6,10815,11.55,3940,14.08,4833,39.95,769.2,15.54,1.78,1.15,0.63,7.56,1.19,5.11,11.21,3.44,3.67,3.59,21.12,5.87,1.49,543.03,4.68,11.03,5.12,2.58,772.78,4.59,16.65,6556,1185,1.94,"1,196.19",4.66,13.33,7.81,2.11,32.28,10196,11.82,3718,14.18,4478,40.23,781,-14.66,1.81,1.18,0.63,7.45,1.21,5.16,11.15,3.55,3.51,715.68,3.61,19.94,5.84,1.45,482.13,4.75,10.76,5.16,2.51,4.55,16.38
Northern Illinois,47.71,71.75,71.33,0.09,522,594,637,0.08,739,778,732,71,793,-35.8,2.7,3.37,2.09,1.29,2.9,5.69,"1,153.61",637.54,519.59,2.23,2.73,1.69,0.87,2.06,5.56,986.9,586.2,402.49,"4,791.00",867,2.7,"1,153.61",5.02,13.63,7.7,2.01,33.8,8225,13.22,3216,16.12,3985,41.69,760.7,16.13,1.75,1.12,0.63,7.69,1.87,5.59,11.16,3.31,4.78,3.7,22.62,6.14,2.09,519.59,5.1,11.16,4.86,3.37,637.54,4.88,16.87,4928,873,2.23,986.9,4.84,13.56,7.96,2.02,33.14,7959,12.56,2994,14.88,3444,41.79,761,-16.01,1.8,1.21,0.6,7.67,1.48,5.33,11.38,3.33,3.87,586.2,3.65,20.66,5.91,1.69,402.49,4.88,11.02,5.09,2.73,4.76,16.58
Northwestern,43.82,67.2,67.46,0.08,764,818,711,0.08,736,757,907,61,871.8,74.5,1.68,1.97,1.25,0.43,1.47,4.77,773.68,456.92,325.06,2.06,2.92,1.34,0.42,2.09,5.62,"1,081.06",690.41,403.8,"5,409.00",992,1.68,773.68,4.61,13.19,7.82,2.25,30.91,7775,12.04,3001,15.01,3797,37.84,780.1,14.9,1.83,1.18,0.65,7.5,1.11,5.17,11.15,3.5,2.93,3.39,19.98,5.7,1.25,325.06,4.7,10.86,5.3,1.97,456.92,4.46,15.85,5551,994,2.06,"1,081.06",4.78,12.94,7.95,2.1,31.47,8570,11.33,3164,14.73,4114,40.38,782,-14.85,1.62,1.05,0.57,7.63,1.39,5.28,10.85,3.37,3.53,690.41,3.62,19.82,5.86,1.34,403.8,4.75,10.35,5.13,2.92,4.8,15.99
Notre Dame,51.09,80.26,84.78,0.09,552,707,797,0.09,760,725,819,81.5,977.7,109.5,2.63,3.18,1.95,1.04,2.38,5.99,"1,607.95",895.31,718.2,2.29,3.25,1.43,0.52,2.44,6.1,"1,375.74",888.17,493.01,"7,102.00",1274,2.63,"1,607.95",5.42,14.82,8.44,2.4,35.62,11375,14.23,4604,16.94,5778,44.74,835.7,17.04,1.97,1.29,0.68,8.37,1.85,5.99,12.42,3.63,4.41,4.09,22.98,6.21,1.95,718.2,5.5,11.87,5.79,3.18,895.31,5.26,18.18,7082,1265,2.29,"1,375.74",5.16,14.76,8.55,2.38,34.47,10584,13.18,4037,15.9,4957,41.84,851,-16.03,1.94,1.25,0.69,8.2,1.31,5.7,12.16,3.8,4.5,888.17,4.01,22.83,6.18,1.43,493.01,5.15,11.73,5.82,3.25,5.16,18
Ohio,39.78,61.09,61.15,0.09,735,712,693,0.08,716,820,652,62,743.8,-76.5,2.15,2.77,1.61,0.64,1.62,6.1,925.72,525.05,406.35,2.28,2.47,2.09,0.67,2.08,5.74,982.62,423.71,562.96,"4,905.00",904,2.15,925.72,4.68,13.82,7.87,2.12,32.57,7883,12.69,3057,15.84,3984,39.68,765.7,15.73,1.93,1.24,0.69,7.49,1.36,5.22,11.35,3.51,3.95,3.52,22,5.96,1.61,406.35,4.63,11.51,5.04,2.77,525.05,4.72,16.49,5149,910,2.28,982.62,4.82,13.73,7.95,1.9,34.74,9014,13.34,3430,14.62,3586,42.09,765,-15.79,1.83,1.15,0.68,7.63,1.4,5.3,11.41,3.37,4.14,423.71,3.66,21.16,6.11,2.09,562.96,4.9,11.48,4.89,2.47,4.69,16.58
Ohio State,49.83,74.62,78.12,0.09,853,866,863,0.1,789,843,888,70.5,960.8,107.2,1.86,2.53,1.1,-0.02,1.87,5.93,910.53,641.58,281.21,2.38,3.23,1.69,0.56,2.37,6.17,"1,141.52",723.62,426.27,"5,945.00",1073,1.86,910.53,5.03,14.37,8.15,2.45,33.84,8342,12.85,3108,15.38,3568,41.4,867.5,15.01,2.07,1.3,0.77,8.18,1.02,5.56,12.04,3.82,3.71,3.85,22.05,5.85,1.1,281.21,4.96,11.84,6.14,2.53,641.58,5.07,16.78,6122,1076,2.38,"1,141.52",5.2,14.38,8.76,2.2,34.98,9380,12.97,3480,16.27,4338,44.61,837,-17.37,1.79,1.13,0.66,8.32,1.64,5.77,11.9,3.68,4.02,723.62,3.9,22.67,6.42,1.69,426.27,5.17,11.97,5.57,3.23,5.22,17.27
Oklahoma,46.09,70.48,69.46,0.08,808,809,876,0.09,508,643,466,66,904.2,90.5,1.71,1.91,1.51,-0.03,2.22,4.41,"1,240.58",673.13,578.72,1.75,2.52,1.03,0.02,2.22,4.3,"1,227.55",868.85,367.95,"7,762.00",1448,1.71,"1,240.58",4.55,13.33,7.74,2.43,30.54,11235,12.28,4514,16.73,6222,38.7,771.4,15.41,1.98,1.29,0.69,7.43,1.03,5.13,11.06,3.57,3.07,3.3,20.6,5.66,1.51,578.72,4.62,11.77,5.33,1.91,673.13,4.45,15.16,7755,1438,1.75,"1,227.55",4.49,13.54,7.46,2.46,29.7,10796,11.14,4043,14.75,5329,38.95,768,-15.65,1.97,1.28,0.7,7.45,1.03,5.02,11.16,3.55,3.24,868.85,3.37,20.95,5.71,1.03,367.95,4.41,11.15,5.29,2.52,4.56,16.11
Oklahoma State,50.79,75.41,76.26,0.08,781,731,794,0.08,439,641,459,74,913.6,102.8,1.83,2.46,1.2,0.04,2.34,4.46,"1,280.39",851.94,439.62,1.6,2.19,1.05,-0.01,2.01,3.99,"1,072.23",726.14,358.02,"7,421.00",1389,1.83,"1,280.39",4.61,13.34,7.69,2.42,30.23,10231,11.69,3978,15.01,5254,40,767.5,15.65,1.96,1.26,0.71,7.44,1.03,5.16,10.85,3.56,3.47,3.42,21.12,5.45,1.2,439.62,4.64,11.18,5.54,2.46,851.94,4.55,15.64,7392,1390,1.6,"1,072.23",4.41,13.34,7.57,2.46,29.8,10107,11.25,3817,14.4,4872,38.68,768,-15.58,1.96,1.25,0.71,7.37,0.99,5.01,11.05,3.63,2.83,726.14,3.18,20.66,5.58,1.05,358.02,4.3,11.37,5.41,2.19,4.49,15.43
Old Dominion,39.18,67.52,65.32,0.09,873,615,702,0.08,666,727,779,65.5,735,-93.8,1.84,2.14,1.61,0.08,1.57,5.78,"1,115.54",595.66,523.61,1.93,2.26,1.63,0.5,1.68,5.6,"1,101.16",587.18,513.98,"6,442.00",1125,1.84,"1,115.54",4.58,13.51,8.16,2.06,32.54,10166,11.81,3743,14.75,4531,41.58,776.5,14.99,1.86,1.16,0.69,7.46,1.02,5.09,11.07,3.54,3.56,3.48,21.03,5.87,1.61,523.61,4.68,11.24,5.12,2.14,595.66,4.47,16.27,6360,1134,1.93,"1,101.16",4.76,12.94,8.14,1.98,32.83,10225,12.17,3774,14.9,4571,39.55,778,-14.95,1.77,1.14,0.63,7.59,1.32,5.3,10.78,3.41,3.29,587.18,3.56,20.07,5.95,1.63,513.98,4.86,10.76,5.05,2.26,4.63,15.59
Ole Miss,41.01,81.66,79.11,0.07,532,736,611,0.08,754,592,646,77,921.9,108.5,2.34,2.85,1.89,1.1,1.98,5.33,"1,794.35","1,049.45",755.4,2.05,2.81,1.3,0.77,1.73,5.34,"1,433.11",998.24,439.55,"8,113.00",1402,2.34,"1,794.35",5.03,12.88,8.04,2.04,33.78,12466,13.05,4899,13.15,5196,39.82,789.6,14.09,1.76,1.11,0.65,7.69,1.53,5.54,10.66,3.31,4.24,3.84,20.43,5.45,1.89,755.4,5.14,10.37,5.54,2.85,"1,049.45",4.93,15.6,8008,1411,2.05,"1,433.11",4.85,13.07,7.78,2.12,32.46,11540,12.27,4337,12.81,4417,38.48,786,-14.22,1.85,1.14,0.71,7.59,1.24,5.37,10.67,3.41,3.85,998.24,3.67,20.83,5.41,1.3,439.55,4.86,10.17,5.59,2.81,4.84,15.96
Oregon,48.96,72.95,68.88,0.09,494,646,622,0.08,878,746,759,68,914.4,96.8,2.23,2.54,2.07,0.56,1.95,6.36,942.26,509.04,437.81,2.48,3.14,1.82,1.15,1.99,6.56,937.54,574.55,362.99,"4,397.00",769,2.23,942.26,4.95,12.84,7.59,2.32,32.59,6718,12.98,2691,16.96,3610,40.2,784.8,14.44,1.7,1.07,0.63,7.65,1.42,5.47,10.72,3.35,4.07,3.78,19.76,5.52,2.07,437.81,5.02,11.3,5.47,2.54,509.04,4.88,14.69,4209,767,2.48,937.54,4.96,13.44,7.89,2.21,32.38,6162,13.07,2480,18.74,3620,41.32,776,-15.03,1.78,1.15,0.63,7.64,1.77,5.48,11.34,3.36,4.12,574.55,3.72,20.52,5.51,1.82,362.99,5.02,11.41,5.49,3.14,4.86,15.66
Oregon State,51.42,74.54,77.61,0.08,534,685,675,0.09,848,730,700,75,910.5,120,2.29,2.88,1.59,0.47,2.06,6.32,868.08,574.14,293.94,2.25,2.89,1.65,0.92,1.45,6.39,843.13,519.34,327.1,"4,162.00",746,2.29,868.08,4.92,13.1,7.49,2.34,31.22,5679,12.31,2208,16.27,2963,40.09,770,15.47,1.73,1.11,0.62,7.64,1.51,5.43,10.9,3.36,4.09,3.78,20.4,5.34,1.59,293.94,4.98,10.74,5.66,2.88,574.14,4.81,15.51,4226,743,2.25,843.13,4.9,13.21,7.79,2.3,32.28,6283,13.18,2532,16.19,3113,40.49,776,-14.93,1.83,1.15,0.68,7.59,1.62,5.47,11.19,3.41,3.65,519.34,3.58,20.07,5.53,1.65,327.1,4.98,11.18,5.46,2.89,4.8,15.58
Penn State,51.38,76.19,77.08,0.08,775,776,599,0.08,695,660,674,72.5,912.9,118,1.74,2.3,1.19,0.25,1.59,5.28,915.51,577.11,351.7,1.87,2.79,0.93,0.33,1.86,5.55,"1,038.60",757.03,293.2,"5,774.00",1056,1.74,915.51,4.62,13.4,7.84,2.14,31.31,8555,11.85,3223,14.55,3815,38.04,778.7,15.03,1.79,1.12,0.67,7.45,1.1,5.18,11.2,3.55,3.11,3.42,20.56,5.61,1.19,351.7,4.64,10.94,5.39,2.3,577.11,4.55,16.29,5980,1051,1.87,"1,038.60",4.77,12.77,7.74,2.12,31.22,8622,11.37,3167,13.6,3708,39.33,795,-13.86,1.83,1.14,0.69,7.6,1.12,5.26,10.74,3.4,3.57,757.03,3.66,19.24,5.49,0.93,293.2,4.64,10.04,5.5,2.79,4.85,15.5
Pittsburgh,40.98,72.2,71.43,0.08,633,708,583,0.08,767,768,520,68.5,861.3,57,2.1,2.65,1.6,0.89,1.97,4.45,"1,543.67",892.93,654.38,2.43,2.94,1.93,0.79,2.21,6,"1,610.54",970.45,644.27,"7,327.00",1358,2.1,"1,543.67",4.74,13.61,7.43,2.16,32.7,11260,13.11,4606,15.14,5621,37.48,780.6,14.64,1.96,1.26,0.7,7.57,1.29,5.29,11.19,3.43,3.85,3.51,21.76,5.64,1.6,654.38,4.84,11.12,5.36,2.65,892.93,4.63,16.45,7604,1366,2.43,"1,610.54",4.82,14.01,8.44,2.23,32.06,11275,12.82,4472,17.67,5975,41.11,777,-14.86,1.93,1.33,0.6,7.54,1.68,5.36,11.67,3.46,4.06,970.45,3.65,21.48,5.64,1.93,644.27,4.88,11.29,5.36,2.94,4.75,16.94
Purdue,46.96,75.63,75.92,0.07,621,647,585,0.08,657,498,655,77,920.4,129.3,1.95,2.42,1.56,0.26,1.94,5.48,"1,127.66",641.96,495.28,1.8,2.45,1.18,0.39,1.84,5.01,945.65,631.54,332.44,"6,184.00",1087,1.95,"1,127.66",4.78,12.84,8.32,2.15,31.87,9808,12.17,3775,14.94,4732,40.14,782.4,14.81,1.72,1.13,0.6,7.62,1.4,5.34,10.9,3.38,3.21,3.48,19.66,5.97,1.56,495.28,4.85,10.56,5.03,2.42,641.96,4.67,15.74,5967,1085,1.8,945.65,4.72,12.95,7.59,2.32,30.98,8294,11.88,3197,15.5,4086,36.16,790,-14.33,1.86,1.13,0.73,7.53,1.18,5.26,10.9,3.47,3.11,631.54,3.52,19.59,5.4,1.18,332.44,4.65,10.56,5.59,2.45,4.77,15.33
Rice,41.47,62.69,66.64,0.08,831,565,527,0.08,724,813,652,64,744.7,-60.5,1.96,2.64,1.41,0.56,1.79,5.22,"1,294.56",794.03,504.48,2.18,2.68,1.76,0.79,1.88,6.12,"1,425.96",806.77,629.25,"7,166.00",1295,1.96,"1,294.56",4.63,13.69,7.62,2.13,32.56,11123,11.75,4021,13.67,4809,41.91,783,14.5,1.8,1.13,0.67,7.52,1.15,5.12,11.09,3.48,3.68,3.55,21.76,5.73,1.41,504.48,4.68,10.98,5.27,2.64,794.03,4.58,16.85,7270,1293,2.18,"1,425.96",4.79,13.61,8.11,2.16,32.57,11477,11.9,4178,16.52,5732,42.04,769,-15.51,1.77,1.13,0.65,7.58,1.54,5.3,11.5,3.42,3.67,806.77,3.64,20.55,5.84,1.76,629.25,4.83,11.45,5.15,2.68,4.72,16.25
Rutgers,44.41,68.68,69.15,0.08,913,814,727,0.08,608,643,668,70,880.8,87.9,1.51,2.31,0.72,-0.05,1.49,4.88,786.34,589.38,208.59,1.94,2.74,1.2,0.33,1.9,5.46,"1,052.80",685.72,374.35,"5,830.00",1083,1.51,786.34,4.45,13.43,7.44,2.24,30.56,8343,11.32,3058,13.7,3580,37.02,785.8,14.35,1.86,1.18,0.69,7.38,0.78,4.93,11.25,3.62,3,3.46,19.94,5.57,0.72,208.59,4.38,10.57,5.43,2.31,589.38,4.49,16.55,5982,1088,1.94,"1,052.80",4.67,13.3,8.2,2.11,31.8,8911,11.84,3338,14.49,4063,38.54,785,-14.6,1.82,1.13,0.69,7.5,1.22,5.22,10.97,3.5,3.51,685.72,3.5,20.81,5.59,1.2,374.35,4.65,10.51,5.4,2.74,4.66,16.37
San Diego State,41.06,62.53,61.75,0.08,656,828,662,0.09,547,491,774,61,769.7,-71.7,1.93,2.28,1.56,0.44,1.81,5.06,914.64,544.19,372.53,2.03,2.4,1.7,0.32,2,5.63,919.52,496.57,422.95,"4,659.00",822,1.93,914.64,4.35,12.22,6.88,2.06,29.29,6716,11.39,2595,14.22,3220,33.16,694.2,14.38,1.58,1.07,0.51,6.86,1.13,4.81,10.1,3.14,3.68,3.32,18.96,4.99,1.56,372.53,4.4,10.45,5.01,2.28,544.19,4.26,14.16,4607,833,2.03,919.52,4.24,12.58,7.12,1.95,29.5,7155,11.19,2681,16,3804,33.3,682,-15.28,1.5,1,0.5,6.82,1.39,4.74,10.51,3.18,3.5,496.57,3.18,19.52,5.26,1.7,422.95,4.34,10.69,4.74,2.4,4.12,14.87
San Jos State,41.25,61.66,63.32,0.08,802,820,802,0.09,504,666,528,60.5,756.7,-77.7,1.72,2.12,1.2,0.25,1.66,4.31,824.41,531.79,294.7,1.81,2.11,1.51,0.17,1.58,5.22,805.85,436.75,371.19,"4,543.00",821,1.72,824.41,4.11,12.65,6.83,2.22,27.96,6277,10.85,2440,13.99,3175,33.7,694.6,14.35,1.72,1.18,0.54,6.74,0.95,4.61,10.41,3.26,3.4,3.07,19.73,4.96,1.2,294.7,4.19,10.38,5.04,2.12,531.79,3.96,15.02,4559,813,1.81,805.85,4.17,12.46,7.08,2.17,27.95,6602,11.02,2608,15.02,3564,36.71,702,-13.91,1.7,1.22,0.48,6.77,1.07,4.66,10.34,3.23,3.33,436.75,3.11,19.12,5.15,1.51,371.19,4.2,10.84,4.85,2.11,4.11,14.34
SMU,45.24,68.18,71.07,0.08,752,648,771,0.08,576,734,723,69.5,822.6,10.6,2.06,2.43,1.72,0.29,2.26,5.12,"1,491.75",845.21,655.75,2,2.76,1.35,0.41,1.84,5.57,"1,411.51",903.16,513.96,"7,705.00",1382,2.06,"1,491.75",4.72,13.66,7.84,2.11,32.81,12215,12.28,4558,14.99,5661,40.15,768.6,15.66,1.85,1.22,0.63,7.51,1.22,5.23,11.15,3.49,3.87,3.61,21.51,5.84,1.72,655.75,4.79,11.3,5.16,2.43,845.21,4.58,16.8,7693,1384,2,"1,411.51",4.6,13.78,7.92,2.22,31.33,11647,11.66,4328,15.13,5624,39.86,768,-15.63,1.83,1.2,0.63,7.44,1.33,5.18,11.31,3.56,3.42,903.16,3.4,21.67,5.84,1.35,513.96,4.59,11.19,5.15,2.76,4.62,16.66
South Alabama,39.67,62.26,68.31,0.08,651,752,408,0.09,828,789,542,62,749.2,-33.2,2.01,2.32,1.6,0.72,2.03,4.91,"1,528.80",849.84,686.37,2.25,2.72,1.87,0.4,2.03,6.26,"1,585.84",869.07,725.9,"7,806.00",1393,2.01,"1,528.80",4.81,12.98,7.54,2.04,33.34,12808,12.51,4811,14.47,5764,38.5,782.4,14.59,1.77,1.1,0.67,7.59,1.58,5.36,11.14,3.41,3.05,3.57,19.39,5.84,1.6,686.37,4.83,10.7,5.15,2.32,849.84,4.7,15.65,8128,1384,2.25,"1,585.84",4.87,13.39,7.73,2.05,33,13195,12.37,4884,13.56,5324,41.67,766,-15.75,1.73,1.13,0.61,7.65,1.49,5.35,11.28,3.35,3.96,869.07,3.77,20.15,6.06,1.87,725.9,4.91,11.29,4.93,2.72,4.78,16.23
South Carolina,50.9,86.18,84.82,0.07,549,777,467,0.08,843,762,776,81,913.4,108.3,2.12,2.6,1.51,1.02,1.65,5.19,"1,590.39","1,042.49",552.58,2.16,2.94,1.36,0.71,2.14,4.89,"1,478.99","1,020.13",465.23,"7,836.00",1349,2.12,"1,590.39",4.94,12.62,7.96,2.02,32.92,11527,12.12,4255,12.62,4491,38.87,781.5,14.59,1.77,1.06,0.71,7.73,1.51,5.48,10.61,3.27,3.55,3.67,19.84,5.43,1.51,552.58,4.99,10.01,5.57,2.6,"1,042.49",4.82,15.3,7717,1346,2.16,"1,478.99",4.93,12.93,7.93,2.11,32.28,11180,11.9,4120,13.02,4400,40.9,790,-13.91,1.82,1.15,0.66,7.67,1.52,5.48,10.9,3.33,3.65,"1,020.13",3.64,19.97,5.42,1.36,465.23,4.84,10.25,5.58,2.94,5,15.53
South Florida,45.23,78.48,78.57,0.08,561,490,534,0.08,545,742,541,73.5,868.1,54.3,2.52,3.34,1.65,0.88,2.78,5.84,"1,898.17","1,274.52",631.53,1.92,2.8,1.17,0.42,1.84,5.08,"1,348.06",939.96,413.74,"7,906.00",1403,2.52,"1,898.17",4.97,13.6,7.87,2.07,32.97,11882,12.68,4604,14.66,5394,43.52,766.5,15.8,1.81,1.12,0.69,7.62,1.68,5.41,11.19,3.38,4.43,3.96,21,5.49,1.65,631.53,4.87,10.92,5.5,3.34,"1,274.52",5.05,16.2,7882,1398,1.92,"1,348.06",4.59,13.72,7.7,2.18,31.45,11589,11.76,4323,13.17,4770,39.69,785,-14.37,1.95,1.28,0.67,7.42,1.17,5.12,11.29,3.58,3.5,939.96,3.49,21.13,5.72,1.17,413.74,4.56,10.83,5.28,2.8,4.62,17
Southern Mississippi,46.72,69.13,64.8,0.08,844,700,654,0.09,680,750,782,64,753.3,-75,1.98,2.86,1.2,0.12,1.67,6.15,"1,416.63",978.16,440.15,2.03,2.54,1.6,0.6,1.76,5.82,"1,319.50",754.31,568.48,"7,118.00",1242,1.98,"1,416.63",4.65,13.54,7.95,2.07,32.05,10647,10.87,3690,12.62,4269,40.44,773.3,15.21,1.79,1.13,0.67,7.56,1.02,5.11,10.88,3.44,4.09,3.64,21.82,5.65,1.2,440.15,4.61,10.69,5.35,2.86,978.16,4.68,16.67,7030,1246,2.03,"1,319.50",4.74,13.36,7.93,2.08,32.43,10994,11.91,4016,16.17,5517,40.75,782,-14.71,1.75,1.13,0.63,7.58,1.38,5.22,11.31,3.42,3.48,754.31,3.66,19.88,5.86,1.6,568.48,4.76,11.17,5.14,2.54,4.7,15.93
Stanford,53.13,86.31,86.76,0.09,597,614,800,0.09,1027,822,784,85,"1,010.00",138.5,2.42,3.07,1.83,0.79,1.94,6.7,"1,059.75",649.67,414.06,2.55,3.12,1.97,1.29,1.83,6.51,"1,114.43",703.08,419.7,"5,268.00",928,2.42,"1,059.75",5.35,14.21,8.35,2.5,34.52,8001,14.1,3243,18.58,4238,45.18,838.7,17,1.95,1.25,0.7,8.36,1.74,5.97,12.14,3.64,3.97,3.9,21.64,6.22,1.83,414.06,5.46,11.88,5.78,3.07,649.67,5.18,17.06,5319,943,2.55,"1,114.43",5.47,14.06,8.58,2.49,35.68,7529,14.44,3035,17.66,3841,44.52,846,-16.34,1.98,1.22,0.76,8.35,1.97,6.14,12.04,3.65,3.88,703.08,3.89,21.55,5.8,1.97,419.7,5.54,12.08,6.2,3.12,5.39,16.13
Syracuse,42.34,80.67,77.36,0.08,649,644,750,0.08,702,661,577,72.5,901.4,69.6,2.39,2.83,1.9,0.9,1.87,5.94,"1,661.48","1,012.86",663.08,2,2.58,1.47,0.27,2.41,5.05,"1,364.44",874.06,494.19,"7,575.00",1346,2.39,"1,661.48",4.81,13.94,7.94,2.18,31.8,11102,13.28,4663,16.67,5852,40.87,768.6,15.55,1.86,1.24,0.62,7.51,1.59,5.37,11.48,3.49,4.06,3.6,21.8,5.71,1.9,663.08,4.92,11.49,5.29,2.83,"1,012.86",4.66,16.68,7421,1344,2,"1,364.44",4.72,13.68,7.69,2.33,31.34,10702,13.07,4555,15.44,5394,38.68,784,-14.32,1.92,1.28,0.64,7.44,1.17,5.25,11.31,3.56,3.7,874.06,3.6,20.8,5.67,1.47,494.19,4.79,11.17,5.33,2.58,4.65,16.42
TCU,47.91,73.6,72.68,0.08,801,690,798,0.08,604,724,507,70.5,909.7,98.2,1.82,2.45,1.23,0.08,2.01,5.08,"1,335.75",906.08,437.25,1.79,2.42,1.23,0.42,1.94,4.24,"1,188.00",773.31,423.95,"7,508.00",1395,1.82,"1,335.75",4.57,13.41,7.63,2.49,29.93,10181,11.77,4019,15.33,5319,40.69,768.6,15.53,1.95,1.25,0.7,7.43,1.01,5.1,10.97,3.57,3.49,3.42,20.98,5.41,1.23,437.25,4.58,11.3,5.59,2.45,906.08,4.56,15.62,7375,1375,1.79,"1,188.00",4.63,13.15,7.55,2.4,30.39,10265,11.48,3922,14.98,5094,40.23,765,-15.63,1.94,1.23,0.71,7.54,1.16,5.18,11.05,3.46,3.17,773.31,3.4,20.17,5.63,1.23,423.95,4.54,11.29,5.36,2.42,4.7,15.2
Temple,42.49,68.3,66.5,0.08,852,806,870,0.09,752,824,822,63,823.9,-5.8,1.71,2.24,1.2,-0.05,1.6,5.23,"1,186.58",808.79,384.98,2.29,3.05,1.68,0.64,2.35,5.5,"1,392.33",854.67,543.27,"6,988.00",1248,1.71,"1,186.58",4.56,13.49,7.83,2.18,31.39,10161,11.79,3761,13.99,4484,38.2,776.2,15.07,1.99,1.3,0.69,7.42,0.9,5.07,11.05,3.58,3.4,3.48,21.05,5.64,1.2,384.98,4.51,11.27,5.35,2.24,808.79,4.57,16.13,6978,1240,2.29,"1,392.33",4.82,13.59,7.98,2.09,32.61,10962,12.89,4328,15.73,5204,40.98,763,-16.1,1.78,1.17,0.61,7.59,1.54,5.37,11.18,3.41,4.02,854.67,3.59,21.7,5.93,1.68,543.27,4.79,11.39,5.06,3.05,4.86,16.24
Tennessee,40.49,71.61,72.18,0.07,650,747,639,0.07,928,846,761,71.5,848.4,55.3,2.13,2.65,1.5,0.63,2.06,5.63,"1,614.03","1,079.53",545.88,2.6,3.14,2.02,0.96,2.73,5.69,"1,690.69","1,028.55",664.49,"7,606.00",1306,2.13,"1,614.03",4.89,12.98,8.06,2.11,31.83,11169,11.82,4161,12.93,4536,38.62,784.7,14.32,1.87,1.19,0.69,7.65,1.36,5.44,10.74,3.35,3.97,3.65,20.79,5.64,1.5,545.88,4.96,10.25,5.35,2.65,"1,079.53",4.75,16.05,7596,1305,2.6,"1,690.69",5.06,13.3,7.91,2.02,33.53,11414,12.61,4250,14.22,4675,42.89,779,-14.69,1.76,1.11,0.65,7.73,1.82,5.54,11.17,3.27,4.42,"1,028.55",3.89,20.57,5.54,2.02,664.49,5.14,10.56,5.46,3.14,4.94,16.3
Texas,54.77,82.98,81.22,0.09,846,877,925,0.09,577,665,551,78.5,985.4,99.7,2.03,2.86,1.33,0.32,2.14,5.11,"1,437.99",929.01,524.65,1.74,2.12,1.37,0.16,1.83,4.61,"1,206.38",708.2,499,"8,185.00",1517,2.03,"1,437.99",5.05,14.44,8.48,2.57,33.35,11852,12.62,4551,15.93,5904,42.47,839.5,16.93,2.11,1.39,0.72,8.2,1.36,5.68,12.03,3.8,3.39,3.67,22.44,6.22,1.33,524.65,5.01,12,5.77,2.86,929.01,5.08,17.27,8153,1513,1.74,"1,206.38",4.93,14.33,8.31,2.52,33.85,11835,12.56,4393,15.46,5357,41.43,848,-16.28,2.06,1.27,0.79,8.17,1.08,5.53,12.01,3.83,3.18,708.2,3.65,21.79,6.18,1.37,499,4.93,12.21,5.82,2.12,4.9,16.65
Texas A&M,40.04,69.57,68,0.08,546,686,468,0.08,886,794,649,70,876.2,63.5,2.43,3.16,1.79,0.82,2.22,5.97,"1,573.25","1,008.48",567.11,2.52,2.89,2.13,0.99,2.59,5.95,"1,567.23",922.87,646.71,"7,182.00",1239,2.43,"1,573.25",5.02,13.03,7.74,1.94,33.17,10474,12.51,3931,12.94,4115,41.29,788.5,14.16,1.69,1.08,0.61,7.77,1.48,5.48,10.62,3.23,4.83,3.91,21.29,5.46,1.79,567.11,5.1,10.41,5.53,3.16,"1,008.48",4.98,15.78,7087,1238,2.52,"1,567.23",4.99,13.68,7.95,2.04,33.85,10814,13.01,4070,17.09,4795,42.25,776,-14.9,1.8,1.09,0.71,7.71,1.57,5.44,11.19,3.29,4.73,922.87,3.89,21.91,5.51,2.13,646.71,5.12,11.29,5.49,2.89,4.85,16.28
Texas State,41.89,65.85,64.44,0.08,752,651,632,0.09,798,764,584,61.5,769.9,-43,1.88,2.44,1.22,-0.13,1.76,5.46,"1,361.60",870.48,498.52,2.11,2.69,1.64,0.4,1.97,5.45,"1,401.28",817.72,590.41,"7,436.00",1325,1.88,"1,361.60",4.63,13.42,7.57,2.23,31.06,11158,11.17,4016,13.11,4739,41.55,769.3,15.51,1.9,1.2,0.7,7.49,1.09,5.09,11.26,3.51,3.58,3.63,19.92,5.63,1.22,498.52,4.56,10.89,5.36,2.44,870.48,4.64,15.94,7568,1326,2.11,"1,401.28",4.88,13.08,7.49,2.12,32.33,11855,12.26,4437,14.43,5117,40.92,766,-15.76,1.77,1.14,0.63,7.67,1.42,5.4,11.08,3.33,3.64,817.72,3.63,19.87,5.93,1.64,590.41,4.9,11.05,5.06,2.69,4.81,15.58
Texas Tech,50.66,76.33,76.44,0.08,894,772,858,0.08,448,605,415,74,900.5,88.8,1.68,2.05,1.3,-0.05,1.91,4.41,"1,209.04",765.66,446.86,1.69,2.22,1.19,0.03,1.93,4.33,"1,067.95",698.37,378.84,"7,314.00",1372,1.68,"1,209.04",4.45,13.64,7.74,2.4,30.5,10301,11.87,4046,16.02,5475,39.59,770.7,15.42,2,1.3,0.7,7.38,0.86,4.98,11.21,3.62,3.32,3.35,21.03,5.58,1.3,446.86,4.48,11.72,5.41,2.05,765.66,4.41,15.64,7179,1368,1.69,"1,067.95",4.44,13.56,7.54,2.53,29.21,9608,11.59,3779,16.47,5329,38.33,777,-14.94,2.02,1.3,0.73,7.38,1.03,5.01,11.34,3.62,3.05,698.37,3.29,20.49,5.62,1.19,378.84,4.36,11.63,5.37,2.22,4.5,15.63
Toledo,31.12,55.42,57.54,0.08,785,815,693,0.08,870,764,684,56.5,714.3,-92.9,1.56,1.92,1.27,0.6,1.29,3.99,732.09,423.05,312.43,2.59,3.31,1.95,1.02,2.52,6.01,999.42,594.66,414.86,"4,385.00",794,1.56,732.09,4.55,13.29,7.16,2.15,31.75,6994,12.07,2654,14.25,3189,35.61,759.8,16.19,1.88,1.27,0.61,7.52,0.91,5.1,11.19,3.48,3.08,3.34,20.68,5.97,1.27,312.43,4.59,11.32,5.02,1.92,423.05,4.45,16,4425,790,2.59,999.42,4.99,13.77,7.88,2.2,32.56,6968,13.1,2849,16.78,3581,40.83,755,-16.52,1.79,1.24,0.55,7.61,1.63,5.5,11.24,3.39,4.63,594.66,3.77,21.73,6,1.95,414.86,4.98,11.33,5,3.31,4.95,16.83
Troy,37.4,66.86,68.87,0.08,648,622,583,0.09,811,688,479,67,776.1,-25.2,2.23,2.6,1.9,0.44,2.02,6.18,"1,684.73",829.58,862.88,2.17,2.62,1.84,0.36,1.92,6.07,"1,617.41",868.5,754.7,"8,144.00",1438,2.23,"1,684.73",4.83,13.39,7.53,2.14,32.7,13813,12.77,5366,16.33,6996,41.45,775.7,15.06,1.85,1.22,0.63,7.6,1.52,5.33,11.29,3.4,3.85,3.69,20.25,6.09,1.9,862.88,4.89,11.44,4.9,2.6,829.58,4.72,15.98,8273,1441,2.17,"1,617.41",4.88,13.2,7.65,2.01,33.51,13466,12.38,4952,13.72,5463,40,770,-15.47,1.73,1.07,0.66,7.6,1.44,5.39,11.04,3.4,3.81,868.5,3.71,20.22,5.87,1.84,754.7,5,10.87,5.13,2.62,4.71,16.21
Tulane,55.67,84.27,84.2,0.08,578,644,646,0.08,567,788,495,82,890.5,70.6,2.41,3.33,1.56,0.83,2.36,5.96,"1,719.15","1,169.17",553.58,1.9,2.33,1.55,0.43,1.68,4.85,"1,290.15",773.86,519.89,"7,539.00",1343,2.41,"1,719.15",4.9,13.65,7.79,2.2,32.33,11235,12.59,4370,14.99,5224,40.72,769.9,15.6,1.92,1.23,0.69,7.6,1.52,5.38,11.02,3.4,4.45,3.84,21.92,5.58,1.56,553.58,4.83,10.89,5.42,3.33,"1,169.17",4.98,16.51,7399,1330,1.9,"1,290.15",4.6,13.64,7.58,2.25,31.4,10571,12.19,4101,14.53,4796,40.85,782,-14.52,1.94,1.23,0.71,7.43,1.3,5.17,11.48,3.57,3.21,773.86,3.42,20.52,5.52,1.55,519.89,4.56,11.64,5.48,2.33,4.65,15.72
Tulsa,44.08,68.89,69.99,0.07,749,630,774,0.08,560,731,677,68.5,837.1,26.5,2.18,2.84,1.52,0.59,2.12,5.46,"1,521.64",974.35,555.87,2.14,3.14,1.22,0.48,2.07,5.35,"1,415.48",996.21,421.94,"7,562.00",1360,2.18,"1,521.64",4.71,13.97,7.84,2.15,32.22,11622,12.36,4468,15.53,5677,40.4,770.5,15.45,1.86,1.24,0.62,7.44,1.45,5.22,11.65,3.56,3.7,3.64,21.01,5.83,1.52,555.87,4.59,11.27,5.17,2.84,974.35,4.81,17.04,7512,1355,2.14,"1,415.48",4.63,14.17,7.89,2.29,30.47,10779,11.49,4031,14.23,5011,40.43,774,-15.28,1.91,1.27,0.64,7.43,1.4,5.16,11.66,3.57,3.73,996.21,3.51,21.93,5.73,1.22,421.94,4.53,11.28,5.27,3.14,4.69,17.34
UAB,44.98,74.25,72.18,0.09,774,625,589,0.08,591,543,672,69.5,775,-50.5,2.1,2.49,1.8,0.45,1.93,6.07,"1,439.53",714.37,730.83,1.89,2.56,1.27,0.53,1.89,5.17,"1,258.45",802.83,459.58,"7,241.00",1265,2.1,"1,439.53",4.73,13.7,8.04,1.99,33.8,12360,12.18,4564,14.27,5518,40.8,761.6,16.07,1.8,1.15,0.66,7.58,1.35,5.22,11.28,3.42,3.75,3.63,21.45,6.02,1.8,730.83,4.88,11.03,4.97,2.49,714.37,4.55,17.24,7011,1271,1.89,"1,258.45",4.67,13.23,7.98,2.04,32.25,10729,11.15,3739,13.49,4708,36.68,778,-14.93,1.79,1.2,0.59,7.47,1.29,5.21,11.07,3.53,3.13,802.83,3.53,19.96,5.74,1.27,459.58,4.69,10.47,5.26,2.56,4.64,16.32
UCF,37.99,60.57,61.67,0.07,730,593,821,0.07,516,789,681,58.5,750.3,5.9,1.82,2.33,1.33,0.41,1.63,4.85,"1,231.83",737.21,500.32,1.96,2.7,1.38,0.44,1.8,4.98,"1,255.57",782.7,474.88,"6,484.00",1184,1.82,"1,231.83",4.21,12.56,7.2,2.04,28.54,9923,11.15,3913,14.06,5051,36.38,699.9,14.12,1.79,1.22,0.57,6.73,1.21,4.7,10.41,3.27,3.06,3.19,19.11,5.31,1.33,500.32,4.17,10.41,4.68,2.33,737.21,4.22,15.23,6602,1183,1.96,"1,255.57",4.19,12.77,7.24,1.94,29.11,10294,10.99,3881,12.79,4514,38.03,691,-14.75,1.69,1.11,0.57,6.73,1.12,4.69,10.18,3.27,3.68,782.7,3.16,20.66,5.44,1.38,474.88,4.2,10.39,4.56,2.7,4.19,15.74
UCLA,52.82,78.76,81.91,0.09,631,865,739,0.1,888,724,706,81,982.6,110.1,2.41,3.04,1.68,0.44,2.3,6.44,"1,011.36",674.25,337.11,2.46,2.97,2.05,1.1,1.7,6.76,"1,033.72",572.23,463.14,"5,101.00",908,2.41,"1,011.36",5.31,14.37,8.43,2.48,34.5,7046,12.96,2605,17.02,3378,41.92,844.4,16.53,1.87,1.2,0.67,8.28,1.42,5.84,11.72,3.72,4.63,4.14,22.85,5.92,1.68,337.11,5.38,11.64,6.08,3.04,674.25,5.19,17.15,4946,899,2.46,"1,033.72",5.33,14.61,8.45,2.47,35.63,7591,14.5,3068,20.22,4326,43.05,845,-16.45,2.01,1.26,0.75,8.33,1.69,5.92,12.36,3.67,4.2,572.23,3.94,22.31,6.2,2.05,463.14,5.48,12.62,5.8,2.97,5.14,17.11
Connecticut,38.74,71.69,65.78,0.08,677,641,490,0.08,609,637,519,66,751.8,-7.6,1.69,2.1,1.04,0.16,1.69,4.48,"1,152.74",729.7,428.76,2.02,2.69,1.41,0.48,1.72,5.9,"1,041.44",697.42,349.53,"5,782.00",998,1.69,"1,152.74",4.2,11.83,6.82,1.96,28.24,8881,10.08,3109,10.8,3485,33.86,713.9,13.12,1.62,1.08,0.54,6.82,0.81,4.67,9.64,3.18,3.54,3.17,18.76,5.15,1.04,428.76,4.21,9.57,4.84,2.1,729.7,4.06,14.37,5452,1003,2.02,"1,041.44",4.31,12.64,7.18,2.1,28.45,8023,11.39,3187,15.83,4255,35.86,706,-13.66,1.74,1.2,0.54,6.78,1.31,4.8,10.43,3.22,3.49,697.42,3.28,19.49,5.26,1.41,349.53,4.27,10.44,4.74,2.69,4.35,15.08
UMass,27.5,64.22,61.94,0.07,378,396,611,0.07,532,403,458,63,671,-11.1,1.89,2.41,1.37,0.48,1.82,4.61,"1,262.74",701.45,571.64,1.42,1.82,1.05,0.47,1.29,3.37,865.33,532.39,336.63,"5,358.00",901,1.89,"1,262.74",3.64,9.79,5.89,1.62,23.01,9026,9.03,3468,10.13,3985,31.6,550.3,11.92,1.35,0.9,0.45,5.6,1.24,3.98,8.14,2.4,3.42,2.86,15.19,4.48,1.37,571.64,3.65,7.95,3.52,2.41,701.45,3.53,12.18,4992,918,1.42,865.33,3.5,9.59,5.33,1.62,23.32,7353,9.41,2988,10.35,3333,27.15,567,-10.65,1.38,0.91,0.47,5.48,0.9,3.92,8.05,2.52,2.5,532.39,2.55,14.76,4.08,1.05,336.63,3.52,8.01,3.92,1.82,3.47,11.28
UNLV,51.37,78.8,75.78,0.09,716,816,551,0.09,574,425,666,73.5,825.5,-25.8,2.25,2.56,1.94,0.64,1.98,5.97,"1,200.98",656.07,546.99,1.92,2.21,1.65,0.09,1.65,5.57,977.55,565.93,416.96,"5,860.00",1041,2.25,"1,200.98",4.77,13.77,7.61,2.2,32.31,9142,12.57,3516,18.75,5186,38.25,751.4,16.71,1.66,1.12,0.54,7.67,1.57,5.32,11.58,3.33,3.83,3.48,21.45,5.91,1.94,546.99,4.83,11.98,5.09,2.56,656.07,4.62,16.15,5805,1034,1.92,977.55,4.65,13.47,7.85,2.24,31.79,8407,12.2,3197,14.5,3791,34.99,770,-15.37,1.83,1.24,0.59,7.51,1.03,5.15,11.1,3.49,3.87,565.93,3.56,20.97,5.56,1.65,416.96,4.77,11.46,5.43,2.21,4.5,15.83
USC,42.54,76.54,73.6,0.09,553,750,595,0.09,848,613,788,74,979.5,88.9,2.54,2.98,2.18,0.88,2.3,6.95,"1,292.47",768.74,525.37,2.39,3.2,1.68,0.77,2,6.67,978.25,644.33,342.28,"5,531.00",963,2.54,"1,292.47",5.43,14.27,8.13,2.51,35.4,8464,14.49,3470,19.75,4722,43.83,840.7,16.88,1.83,1.18,0.65,8.37,1.79,6.03,12.04,3.63,4.32,4.03,21.94,6.09,2.18,525.37,5.51,12.42,5.91,2.98,768.74,5.29,16.55,5380,972,2.39,978.25,5.26,14.67,8.46,2.51,34.51,7638,13.93,2985,18.38,3815,40.65,842,-16.58,1.99,1.27,0.72,8.22,1.5,5.82,12.24,3.78,4.41,644.33,4.03,22.37,5.98,1.68,342.28,5.34,12.28,6.02,3.2,5.18,17.36
UT San Antonio,37.61,53.43,55.27,0.07,934,821,685,0.09,772,890,803,53.5,703.1,-109.1,1.76,2.53,1.12,0,1.49,5.7,"1,096.68",731.12,368.86,2.46,2.84,2.14,1.04,1.9,6.36,"1,536.09",805.41,730.68,"6,716.00",1184,1.76,"1,096.68",4.54,13.57,7.99,2.16,31.53,9916,11.28,3578,12.35,3995,38.26,781.4,14.59,1.86,1.21,0.65,7.39,0.83,5.02,10.92,3.61,3.63,3.54,21.34,5.71,1.12,368.86,4.63,10.68,5.29,2.53,731.12,4.43,17.03,6793,1187,2.46,"1,536.09",4.85,13.76,8.14,1.95,34.43,11546,12.66,4222,16.96,5710,42.81,769,-15.65,1.65,1.06,0.59,7.63,1.87,5.38,11.51,3.37,3.77,805.41,3.65,21.22,5.99,2.14,730.68,4.93,11.45,5.01,2.84,4.75,16.61
Utah,40.59,67.61,71.18,0.08,460,631,645,0.08,799,652,744,68,888.8,94.3,2.47,3.02,1.92,1.18,2.16,6.09,"1,168.96",719.81,450.8,2.21,2.82,1.7,0.54,1.91,6,901.03,557.27,345.4,"4,953.00",872,2.47,"1,168.96",5.05,13.23,7.63,2.24,32.33,7527,13.12,3056,17.86,4158,40.9,772.4,15.34,1.79,1.15,0.64,7.69,1.91,5.64,11.19,3.31,3.82,3.68,20.51,5.63,1.92,450.8,5.12,11.25,5.37,3.02,719.81,4.92,15.54,4971,882,2.21,901.03,4.82,13.41,7.48,2.31,31.53,7177,12.81,2796,16.87,3595,39.34,779,-14.73,1.8,1.15,0.65,7.59,1.31,5.31,11.05,3.41,4.19,557.27,3.68,20.87,5.56,1.7,345.4,4.92,11.54,5.43,2.82,4.7,15.64
Utah State,36.15,61.27,63.02,0.08,688,731,606,0.08,535,535,718,62,754.5,-76.3,1.94,2.28,1.65,0.59,2.04,4.74,"1,003.25",560.45,442.8,1.96,2.54,1.37,0,2.24,5.32,847.21,535.57,311.65,"4,619.00",826,1.94,"1,003.25",4.33,12.26,6.76,1.97,29.3,7250,11.47,2815,13.85,3405,35.19,689,14.79,1.6,1.08,0.52,6.89,1.31,4.83,10.28,3.11,3.35,3.22,18.82,5.27,1.65,442.8,4.43,10.46,4.73,2.28,560.45,4.18,14.61,4636,833,1.96,847.21,4.21,12.62,6.97,1.95,29.13,7064,10.5,2492,12.45,2915,33.85,686,-14.84,1.58,1.1,0.48,6.78,1.22,4.7,10.3,3.22,3.54,535.57,3.18,20.01,5.2,1.37,311.65,4.26,10.18,4.8,2.54,4.15,15.29
UTEP,42.52,59.73,62.6,0.08,721,571,493,0.08,492,531,576,60.5,699.2,-116,1.5,2.02,1.09,0.27,1.16,4.47,918.82,528.86,391.58,1.71,2.05,1.43,0.48,1.48,4.87,"1,048.91",565.84,484.69,"5,310.00",944,1.5,918.82,3.78,11.07,6.27,1.69,26.47,8506,9.26,3022,10.91,3757,32.3,622.4,13.13,1.48,0.98,0.5,6.17,0.97,4.2,9.15,2.83,2.65,2.88,17.3,4.84,1.09,391.58,3.87,8.74,4.16,2.02,528.86,3.68,14,5230,947,1.71,"1,048.91",3.8,11.25,6.24,1.76,27.48,8591,9.77,3077,13.54,4390,31.6,631,-12.63,1.43,0.95,0.47,6.15,1.19,4.24,9.43,2.85,2.86,565.84,2.85,17.22,4.8,1.43,484.69,3.86,9.4,4.19,2.05,3.73,13.47
Vanderbilt,34.92,61.06,66.39,0.06,528,709,461,0.07,874,830,731,64,783.8,73,1.82,2.18,1.41,0.58,1.73,4.39,"1,225.26",752.52,475.08,2.28,3.03,1.61,0.62,2.6,4.79,"1,472.94",924.7,552.93,"6,372.00",1103,1.82,"1,225.26",4.44,11.68,7.17,1.87,29.45,9068,10.66,3301,11.06,3567,35.59,711.8,13.11,1.67,1.02,0.65,7.02,1.07,4.9,9.48,2.98,3.65,3.35,19.35,4.83,1.41,475.08,4.48,9.41,5.17,2.18,752.52,4.36,13.97,6486,1084,2.28,"1,472.94",4.63,11.65,7.21,1.9,29.73,9881,11.03,3666,10.79,3561,39.54,714,-12.9,1.53,0.99,0.54,7.05,1.55,5.07,9.71,2.95,4.06,924.7,3.57,18.32,5.1,1.61,552.93,4.7,9.01,4.9,3.03,4.53,14.65
Virginia,38.26,75.56,75.57,0.08,620,598,723,0.07,660,763,574,73,903.1,88.7,2.62,3.24,2.05,0.99,2.59,6.17,"1,996.57","1,171.21",835.75,2.16,2.65,1.7,0.41,2.2,5.71,"1,565.13",938.53,635.21,"8,171.00",1451,2.62,"1,996.57",4.89,14.26,8.03,2.31,31.88,12659,13.6,5420,18.89,7569,42.11,782.3,14.62,1.88,1.29,0.6,7.51,1.8,5.4,11.81,3.49,4.35,3.76,21.77,5.87,2.05,835.75,4.92,11.95,5.13,3.24,"1,171.21",4.81,17.12,8087,1459,2.16,"1,565.13",4.71,13.87,8.31,2.23,32.3,11987,13.18,4871,15.8,5852,41.02,789,-14,1.94,1.28,0.65,7.45,1.34,5.26,11.44,3.55,3.79,938.53,3.54,21.25,5.57,1.7,635.21,4.85,11.14,5.43,2.65,4.57,16.93
Virginia Tech,37.85,71.95,70.15,0.08,738,729,783,0.08,616,640,556,71,882.2,63.2,1.99,2.61,1.32,0.14,2.14,5.61,"1,529.75","1,007.80",533.98,2.09,2.6,1.61,0.37,1.83,5.78,"1,548.63",940.88,618.63,"8,185.00",1458,1.99,"1,529.75",4.69,13.59,7.99,2.25,30.81,11299,12.29,4552,15.32,5802,39.37,780.5,14.65,1.99,1.29,0.7,7.41,1.01,5.18,11.03,3.59,4,3.67,21.09,5.34,1.32,533.98,4.7,11.01,5.65,2.61,"1,007.80",4.66,16.1,8100,1472,2.09,"1,548.63",4.66,13.87,8.32,2.23,31.43,11791,12.49,4671,16.48,6174,39.33,785,-14.52,1.95,1.28,0.67,7.46,1.16,5.15,11.3,3.54,4.04,940.88,3.61,21.64,5.58,1.61,618.63,4.76,11.11,5.41,2.6,4.54,16.9
Wake Forest,36.22,72.63,71.36,0.08,626,566,658,0.08,552,581,511,70.5,869.2,45.4,2.01,2.2,1.71,0.43,1.93,5.24,"1,570.88",858.25,718.4,1.84,2.48,1.26,0.41,1.69,5.06,"1,359.37",875,494.28,"7,527.00",1354,2.01,"1,570.88",4.32,12.52,7.45,1.91,29.16,11587,11.73,4600,14.75,5875,37.13,707.1,13.43,1.73,1.14,0.6,6.84,1.19,4.79,10.16,3.16,3.75,3.31,19.85,5.22,1.71,718.4,4.45,10.35,4.77,2.2,858.25,4.11,15.04,7414,1356,1.84,"1,359.37",4.22,12.76,7.15,2.06,28.41,10976,11.5,4439,15.09,5792,35.18,708,-13.49,1.76,1.16,0.6,6.74,0.94,4.69,10.29,3.26,3.74,875,3.25,20.17,5.21,1.26,494.28,4.19,10.38,4.78,2.48,4.24,15.41
Washington,42.4,64.59,64.04,0.08,540,582,590,0.09,950,812,905,63,883.8,83.9,2.32,2.75,1.91,0.93,1.97,6.16,"1,023.02",654.2,372.18,2.57,3.46,1.84,1.02,2.25,6.39,"1,090.24",706.85,386.69,"4,668.00",828,2.32,"1,023.02",4.92,13.23,7.55,2.24,32.75,6838,13.07,2705,17.18,3476,41.03,790.9,14.02,1.79,1.12,0.67,7.61,1.68,5.51,11.13,3.39,3.77,3.58,20.52,5.44,1.91,372.18,5.09,10.96,5.56,2.75,654.2,4.7,15.78,4796,841,2.57,"1,090.24",5,13.61,7.9,2.19,32.28,7213,12.59,2758,17.5,3827,41.86,764,-15.82,1.68,1.05,0.62,7.75,1.71,5.48,11.22,3.25,4.61,706.85,3.82,21.66,5.72,1.84,386.69,5.08,11.25,5.28,3.46,4.93,16.38
Washington State,43.76,70.37,72.83,0.08,507,648,601,0.08,947,735,926,70,891.2,94.5,2.36,2.78,1.89,0.81,1.95,6.09,"1,046.62",629.52,417.1,2.32,3.09,1.71,1.14,1.4,6.34,923.83,573.37,354.19,"4,420.00",775,2.36,"1,046.62",4.97,13.13,7.91,2.24,32.68,6603,12.86,2629,16.87,3445,40.74,769.8,15.44,1.68,1.06,0.62,7.7,1.74,5.52,11.13,3.3,3.87,3.67,20.34,5.52,1.89,417.1,5.1,10.96,5.48,2.78,629.52,4.79,15.45,4519,777,2.32,923.83,5.03,12.73,7.7,2.13,33.22,7147,12.92,2696,15.96,3357,40.29,784,-14.48,1.65,1.03,0.62,7.8,1.73,5.59,10.94,3.2,3.88,573.37,3.64,19.77,5.79,1.71,354.19,5.09,10.7,5.2,3.09,4.94,15.24
West Virginia,48.62,75.29,75.91,0.08,775,788,852,0.08,571,754,484,72,921,113.9,1.95,2.46,1.52,0.47,2.17,4.52,"1,372.58",821.64,562.26,1.92,2.37,1.48,0.34,2.38,4.19,"1,308.88",822.22,495.91,"7,426.00",1420,1.95,"1,372.58",4.61,13.76,7.52,2.42,30.65,10844,12.55,4422,17.79,6208,39.01,767.8,15.57,1.95,1.27,0.69,7.51,1.33,5.2,11.48,3.49,3.23,3.3,21.45,5.64,1.52,562.26,4.63,11.93,5.35,2.46,821.64,4.56,15.97,7607,1417,1.92,"1,308.88",4.56,13.65,7.74,2.36,30.94,10578,12.12,4141,16.1,5504,40.58,774,-15.14,1.97,1.24,0.72,7.47,1.32,5.12,11.49,3.53,3.2,822.22,3.4,20.59,5.5,1.48,495.91,4.56,11.61,5.5,2.37,4.54,15.82
Western Kentucky,42.88,70.03,66.44,0.09,924,627,668,0.08,504,461,634,65.5,762.6,-65.9,1.26,1.6,0.9,-0.07,0.84,4.51,763.76,396.4,375.67,1.43,1.9,1.03,0.16,1.23,5.25,752.46,474.7,286.3,"5,481.00",963,1.26,763.76,3.99,12,7.46,1.81,28.72,9267,9.47,3076,11.49,3747,36.13,707.7,13.56,1.7,1.11,0.59,6.79,0.82,4.45,10.3,3.21,2.15,2.98,17.62,5.6,0.9,375.67,3.95,9.88,4.39,1.6,396.4,3.92,14.84,5308,969,1.43,752.46,4.22,11.58,6.85,1.91,29.14,8071,10.48,2894,13.76,3767,32.13,717,-12.97,1.67,1.06,0.61,6.84,0.63,4.64,9.4,3.16,3.21,474.7,3.33,18.25,5.27,1.03,286.3,4.16,9.69,4.72,1.9,4.27,13.72
Western Michigan,46.76,70.93,69.16,0.09,618,625,688,0.08,753,664,754,71.5,792.6,-42.4,2.4,3.25,1.56,0.82,2.24,6.14,"1,071.12",716.27,364.95,2.3,2.96,1.67,0.94,2.22,5.09,980.98,608.59,375.78,"5,124.00",918,2.4,"1,071.12",4.9,13.57,7.42,2.24,31.53,7448,12.52,2936,15.39,3640,42.52,754.6,16.51,1.78,1.15,0.64,7.63,1.44,5.37,11.32,3.37,4.63,3.83,21.09,5.66,1.56,364.95,4.77,11.39,5.34,3.25,716.27,5.04,15.75,5034,915,2.3,980.98,4.85,13.75,7.95,2.01,32.69,7720,12.44,2904,14.3,3194,39.1,751,-16.66,1.77,1.13,0.64,7.62,1.49,5.36,11.38,3.38,4.03,608.59,3.63,21.35,5.84,1.67,375.78,4.82,11.16,5.16,2.96,4.85,16.69
Wisconsin,41.73,78.08,77.19,0.08,701,626,654,0.09,789,735,827,76.5,964.2,84.4,2.24,2.85,1.5,0.34,2.2,5.94,"1,289.80",747.12,545.96,2.12,2.99,1.47,0.28,1.95,5.83,"1,119.78",725.03,411.66,"6,953.00",1181,2.24,"1,289.80",5.21,14.2,8.74,2.41,34.09,11347,12.91,4188,15.42,5064,45.7,849.4,16.44,1.87,1.23,0.64,8.3,1.48,5.79,11.76,3.7,3.97,3.91,22.37,6.56,1.5,545.96,5.23,11.66,5.44,2.85,747.12,5.09,17.39,6741,1197,2.12,"1,119.78",5.25,13.93,8.65,2.4,34.37,10024,13.18,3871,15.21,4484,42.21,854,-15.98,1.91,1.25,0.66,8.31,1.44,5.89,11.55,3.69,3.52,725.03,3.73,22.29,6.31,1.47,411.66,5.24,11.46,5.68,2.99,5.26,16.89
Wyoming,41.18,62.05,59.41,0.08,714,771,590,0.08,616,505,659,58.5,711,-70.4,1.64,2.16,1.18,0.15,1.58,4.67,783.36,473.67,311.48,2.01,2.7,1.4,0.24,2.31,4.72,906.5,559.06,351.12,"4,533.00",806,1.64,783.36,4.25,12.13,6.81,2.04,28.42,6789,10.47,2493,12.06,2825,34.27,682.1,15.27,1.59,1.07,0.52,6.88,0.92,4.74,9.94,3.12,3.28,3.16,19.38,5.22,1.18,311.48,4.28,9.97,4.77,2.16,473.67,4.17,14.67,4522,803,2.01,906.5,4.32,12.47,7.03,2.01,28.75,6890,10.75,2587,13.79,3321,33.42,684,-15.07,1.64,1.12,0.51,6.87,1.13,4.78,10.16,3.13,3.96,559.06,3.29,19.83,5.28,1.4,351.12,4.3,10.31,4.72,2.7,4.33,14.93